-- phpMyAdmin SQL Dump
-- version 5.2.1
-- https://www.phpmyadmin.net/
--
-- Servidor: localhost
-- Tiempo de generación: 15-06-2024 a las 19:13:53
-- Versión del servidor: 10.4.28-MariaDB
-- Versión de PHP: 8.2.4

SET SQL_MODE = "NO_AUTO_VALUE_ON_ZERO";
START TRANSACTION;
SET time_zone = "+00:00";


/*!40101 SET @OLD_CHARACTER_SET_CLIENT=@@CHARACTER_SET_CLIENT */;
/*!40101 SET @OLD_CHARACTER_SET_RESULTS=@@CHARACTER_SET_RESULTS */;
/*!40101 SET @OLD_COLLATION_CONNECTION=@@COLLATION_CONNECTION */;
/*!40101 SET NAMES utf8mb4 */;

--
-- Base de datos: `doginn`
--

-- --------------------------------------------------------

--
-- Estructura de tabla para la tabla `calendarios_disponibilidad`
--

CREATE TABLE `calendarios_disponibilidad` (
  `id_horario` int(254) NOT NULL,
  `id_guarderia` int(11) NOT NULL,
  `precio_noche` decimal(5,2) NOT NULL,
  `fecha` date NOT NULL
) ENGINE=InnoDB DEFAULT CHARSET=utf8mb4 COLLATE=utf8mb4_general_ci;

--
-- Volcado de datos para la tabla `calendarios_disponibilidad`
--

INSERT INTO `calendarios_disponibilidad` (`id_horario`, `id_guarderia`, `precio_noche`, `fecha`) VALUES
(2774, 66, 32.00, '2024-01-01'),
(2775, 66, 32.00, '2024-02-01'),
(2776, 66, 32.00, '2024-03-01'),
(2777, 66, 32.00, '2024-04-01'),
(2778, 66, 32.00, '2024-05-01'),
(2780, 66, 32.00, '2024-07-01'),
(2781, 66, 32.00, '2024-08-01'),
(2782, 66, 32.00, '2024-09-01'),
(2783, 66, 32.00, '2024-10-01'),
(2784, 66, 32.00, '2024-11-01'),
(2785, 66, 32.00, '2024-12-01'),
(2786, 66, 32.00, '2024-01-02'),
(2787, 66, 32.00, '2024-02-02'),
(2788, 66, 32.00, '2024-03-02'),
(2789, 66, 32.00, '2024-04-02'),
(2790, 66, 32.00, '2024-05-02'),
(2792, 66, 32.00, '2024-07-02'),
(2793, 66, 32.00, '2024-08-02'),
(2794, 66, 32.00, '2024-09-02'),
(2795, 66, 32.00, '2024-10-02'),
(2796, 66, 32.00, '2024-11-02'),
(2797, 66, 32.00, '2024-12-02'),
(2798, 66, 32.00, '2024-01-03'),
(2799, 66, 32.00, '2024-02-03'),
(2800, 66, 32.00, '2024-03-03'),
(2801, 66, 32.00, '2024-04-03'),
(2802, 66, 32.00, '2024-05-03'),
(2804, 66, 32.00, '2024-07-03'),
(2805, 66, 32.00, '2024-08-03'),
(2806, 66, 32.00, '2024-09-03'),
(2807, 66, 32.00, '2024-10-03'),
(2808, 66, 32.00, '2024-11-03'),
(2809, 66, 32.00, '2024-12-03'),
(2810, 66, 32.00, '2024-01-04'),
(2811, 66, 32.00, '2024-02-04'),
(2812, 66, 32.00, '2024-03-04'),
(2813, 66, 32.00, '2024-04-04'),
(2814, 66, 32.00, '2024-05-04'),
(2816, 66, 32.00, '2024-07-04'),
(2817, 66, 32.00, '2024-08-04'),
(2818, 66, 32.00, '2024-09-04'),
(2819, 66, 32.00, '2024-10-04'),
(2820, 66, 32.00, '2024-11-04'),
(2821, 66, 32.00, '2024-12-04'),
(2822, 66, 32.00, '2024-01-05'),
(2823, 66, 32.00, '2024-02-05'),
(2824, 66, 32.00, '2024-03-05'),
(2825, 66, 32.00, '2024-04-05'),
(2826, 66, 32.00, '2024-05-05'),
(2828, 66, 32.00, '2024-07-05'),
(2829, 66, 32.00, '2024-08-05'),
(2830, 66, 32.00, '2024-09-05'),
(2831, 66, 32.00, '2024-10-05'),
(2832, 66, 32.00, '2024-11-05'),
(2833, 66, 32.00, '2024-12-05'),
(2834, 66, 32.00, '2024-01-06'),
(2835, 66, 32.00, '2024-02-06'),
(2836, 66, 32.00, '2024-03-06'),
(2837, 66, 32.00, '2024-04-06'),
(2838, 66, 32.00, '2024-05-06'),
(2840, 66, 32.00, '2024-07-06'),
(2841, 66, 32.00, '2024-08-06'),
(2842, 66, 32.00, '2024-09-06'),
(2843, 66, 32.00, '2024-10-06'),
(2844, 66, 32.00, '2024-11-06'),
(2845, 66, 32.00, '2024-12-06'),
(2846, 66, 32.00, '2024-01-01'),
(2847, 66, 32.00, '2024-02-01'),
(2848, 66, 32.00, '2024-03-01'),
(2849, 66, 32.00, '2024-04-01'),
(2850, 66, 32.00, '2024-05-01'),
(2852, 66, 32.00, '2024-07-01'),
(2853, 66, 32.00, '2024-08-01'),
(2854, 66, 32.00, '2024-09-01'),
(2855, 66, 32.00, '2024-10-01'),
(2856, 66, 32.00, '2024-11-01'),
(2857, 66, 32.00, '2024-12-01'),
(2858, 66, 32.00, '2024-01-02'),
(2859, 66, 32.00, '2024-02-02'),
(2860, 66, 32.00, '2024-03-02'),
(2861, 66, 32.00, '2024-04-02'),
(2862, 66, 32.00, '2024-05-02'),
(2864, 66, 32.00, '2024-07-02'),
(2865, 66, 32.00, '2024-08-02'),
(2866, 66, 32.00, '2024-09-02'),
(2867, 66, 32.00, '2024-10-02'),
(2868, 66, 32.00, '2024-11-02'),
(2869, 66, 32.00, '2024-12-02'),
(2870, 66, 32.00, '2024-01-03'),
(2871, 66, 32.00, '2024-02-03'),
(2872, 66, 32.00, '2024-03-03'),
(2873, 66, 32.00, '2024-04-03'),
(2874, 66, 32.00, '2024-05-03'),
(2876, 66, 32.00, '2024-07-03'),
(2877, 66, 32.00, '2024-08-03'),
(2878, 66, 32.00, '2024-09-03'),
(2879, 66, 32.00, '2024-10-03'),
(2880, 66, 32.00, '2024-11-03'),
(2881, 66, 32.00, '2024-12-03'),
(2882, 66, 32.00, '2024-01-04'),
(2883, 66, 32.00, '2024-02-04'),
(2884, 66, 32.00, '2024-03-04'),
(2885, 66, 32.00, '2024-04-04'),
(2886, 66, 32.00, '2024-05-04'),
(2888, 66, 32.00, '2024-07-04'),
(2889, 66, 32.00, '2024-08-04'),
(2890, 66, 32.00, '2024-09-04'),
(2891, 66, 32.00, '2024-10-04'),
(2892, 66, 32.00, '2024-11-04'),
(2893, 66, 32.00, '2024-12-04'),
(2894, 66, 32.00, '2024-01-05'),
(2895, 66, 32.00, '2024-02-05'),
(2896, 66, 32.00, '2024-03-05'),
(2897, 66, 32.00, '2024-04-05'),
(2898, 66, 32.00, '2024-05-05'),
(2900, 66, 32.00, '2024-07-05'),
(2901, 66, 32.00, '2024-08-05'),
(2902, 66, 32.00, '2024-09-05'),
(2903, 66, 32.00, '2024-10-05'),
(2904, 66, 32.00, '2024-11-05'),
(2905, 66, 32.00, '2024-12-05'),
(2906, 66, 32.00, '2024-01-06'),
(2907, 66, 32.00, '2024-02-06'),
(2908, 66, 32.00, '2024-03-06'),
(2909, 66, 32.00, '2024-04-06'),
(2910, 66, 32.00, '2024-05-06'),
(2912, 66, 32.00, '2024-07-06'),
(2913, 66, 32.00, '2024-08-06'),
(2914, 66, 32.00, '2024-09-06'),
(2915, 66, 32.00, '2024-10-06'),
(2916, 66, 32.00, '2024-11-06'),
(2917, 66, 32.00, '2024-12-06'),
(4290, 66, 32.00, '2024-01-01'),
(4291, 66, 32.00, '2024-02-01'),
(4292, 66, 32.00, '2024-03-01'),
(4293, 66, 32.00, '2024-04-01'),
(4294, 66, 32.00, '2024-05-01'),
(4295, 66, 32.00, '2024-07-01'),
(4296, 66, 32.00, '2024-08-01'),
(4297, 66, 32.00, '2024-09-01'),
(4298, 66, 32.00, '2024-10-01'),
(4299, 66, 32.00, '2024-11-01'),
(4300, 66, 32.00, '2024-12-01'),
(4301, 66, 32.00, '2024-01-02'),
(4302, 66, 32.00, '2024-02-02'),
(4303, 66, 32.00, '2024-03-02'),
(4304, 66, 32.00, '2024-04-02'),
(4305, 66, 32.00, '2024-05-02'),
(4306, 66, 32.00, '2024-07-02'),
(4307, 66, 32.00, '2024-08-02'),
(4308, 66, 32.00, '2024-09-02'),
(4309, 66, 32.00, '2024-10-02'),
(4310, 66, 32.00, '2024-11-02'),
(4311, 66, 32.00, '2024-12-02'),
(4312, 66, 32.00, '2024-01-03'),
(4313, 66, 32.00, '2024-02-03'),
(4314, 66, 32.00, '2024-03-03'),
(4315, 66, 32.00, '2024-04-03'),
(4316, 66, 32.00, '2024-05-03'),
(4317, 66, 32.00, '2024-07-03'),
(4318, 66, 32.00, '2024-08-03'),
(4319, 66, 32.00, '2024-09-03'),
(4320, 66, 32.00, '2024-10-03'),
(4321, 66, 32.00, '2024-11-03'),
(4322, 66, 32.00, '2024-12-03'),
(4323, 66, 32.00, '2024-01-04'),
(4324, 66, 32.00, '2024-02-04'),
(4325, 66, 32.00, '2024-03-04'),
(4326, 66, 32.00, '2024-04-04'),
(4327, 66, 32.00, '2024-05-04'),
(4328, 66, 32.00, '2024-07-04'),
(4329, 66, 32.00, '2024-08-04'),
(4330, 66, 32.00, '2024-09-04'),
(4331, 66, 32.00, '2024-10-04'),
(4332, 66, 32.00, '2024-11-04'),
(4333, 66, 32.00, '2024-12-04'),
(4334, 66, 32.00, '2024-01-05'),
(4335, 66, 32.00, '2024-02-05'),
(4336, 66, 32.00, '2024-03-05'),
(4337, 66, 32.00, '2024-04-05'),
(4338, 66, 32.00, '2024-05-05'),
(4339, 66, 32.00, '2024-07-05'),
(4340, 66, 32.00, '2024-08-05'),
(4341, 66, 32.00, '2024-09-05'),
(4342, 66, 32.00, '2024-10-05'),
(4343, 66, 32.00, '2024-11-05'),
(4344, 66, 32.00, '2024-12-05'),
(4345, 66, 32.00, '2024-01-06'),
(4346, 66, 32.00, '2024-02-06'),
(4347, 66, 32.00, '2024-03-06'),
(4348, 66, 32.00, '2024-04-06'),
(4349, 66, 32.00, '2024-05-06'),
(4350, 66, 32.00, '2024-07-06'),
(4351, 66, 32.00, '2024-08-06'),
(4352, 66, 32.00, '2024-09-06'),
(4353, 66, 32.00, '2024-10-06'),
(4354, 66, 32.00, '2024-11-06'),
(4355, 66, 32.00, '2024-12-06'),
(4356, 66, 32.00, '2024-01-01'),
(4357, 66, 32.00, '2024-02-01'),
(4358, 66, 32.00, '2024-03-01'),
(4359, 66, 32.00, '2024-04-01'),
(4360, 66, 32.00, '2024-05-01'),
(4361, 66, 32.00, '2024-06-01'),
(4362, 66, 32.00, '2024-07-01'),
(4363, 66, 32.00, '2024-08-01'),
(4364, 66, 32.00, '2024-09-01'),
(4365, 66, 32.00, '2024-10-01'),
(4366, 66, 32.00, '2024-11-01'),
(4367, 66, 32.00, '2024-12-01'),
(4368, 66, 32.00, '2024-01-02'),
(4369, 66, 32.00, '2024-02-02'),
(4370, 66, 32.00, '2024-03-02'),
(4371, 66, 32.00, '2024-04-02'),
(4372, 66, 32.00, '2024-05-02'),
(4373, 66, 32.00, '2024-06-02'),
(4374, 66, 32.00, '2024-07-02'),
(4375, 66, 32.00, '2024-08-02'),
(4376, 66, 32.00, '2024-09-02'),
(4377, 66, 32.00, '2024-10-02'),
(4378, 66, 32.00, '2024-11-02'),
(4379, 66, 32.00, '2024-12-02'),
(4380, 66, 32.00, '2024-01-03'),
(4381, 66, 32.00, '2024-02-03'),
(4382, 66, 32.00, '2024-03-03'),
(4383, 66, 32.00, '2024-04-03'),
(4384, 66, 32.00, '2024-05-03'),
(4385, 66, 32.00, '2024-06-03'),
(4386, 66, 32.00, '2024-07-03'),
(4387, 66, 32.00, '2024-08-03'),
(4388, 66, 32.00, '2024-09-03'),
(4389, 66, 32.00, '2024-10-03'),
(4390, 66, 32.00, '2024-11-03'),
(4391, 66, 32.00, '2024-12-03'),
(4392, 66, 32.00, '2024-01-04'),
(4393, 66, 32.00, '2024-02-04'),
(4394, 66, 32.00, '2024-03-04'),
(4395, 66, 32.00, '2024-04-04'),
(4396, 66, 32.00, '2024-05-04'),
(4397, 66, 32.00, '2024-06-04'),
(4398, 66, 32.00, '2024-07-04'),
(4399, 66, 32.00, '2024-08-04'),
(4400, 66, 32.00, '2024-09-04'),
(4401, 66, 32.00, '2024-10-04'),
(4402, 66, 32.00, '2024-11-04'),
(4403, 66, 32.00, '2024-12-04'),
(4404, 66, 32.00, '2024-01-05'),
(4405, 66, 32.00, '2024-02-05'),
(4406, 66, 32.00, '2024-03-05'),
(4407, 66, 32.00, '2024-04-05'),
(4408, 66, 32.00, '2024-05-05'),
(4409, 66, 32.00, '2024-07-05'),
(4410, 66, 32.00, '2024-08-05'),
(4411, 66, 32.00, '2024-09-05'),
(4412, 66, 32.00, '2024-10-05'),
(4413, 66, 32.00, '2024-11-05'),
(4414, 66, 32.00, '2024-12-05'),
(4415, 66, 32.00, '2024-01-06'),
(4416, 66, 32.00, '2024-02-06'),
(4417, 66, 32.00, '2024-03-06'),
(4418, 66, 32.00, '2024-04-06'),
(4419, 66, 32.00, '2024-05-06'),
(4420, 66, 32.00, '2024-07-06'),
(4421, 66, 32.00, '2024-08-06'),
(4422, 66, 32.00, '2024-09-06'),
(4423, 66, 32.00, '2024-10-06'),
(4424, 66, 32.00, '2024-11-06'),
(4425, 66, 32.00, '2024-12-06'),
(4433, 68, 39.00, '2024-06-01'),
(4434, 68, 39.00, '2024-06-02'),
(4435, 68, 39.00, '2024-06-03'),
(7323, 70, 48.00, '2024-05-30'),
(7324, 70, 48.00, '2024-05-31'),
(7689, 72, 25.00, '2024-05-22'),
(7690, 72, 25.00, '2024-05-23'),
(7691, 72, 25.00, '2024-05-24'),
(7692, 72, 25.00, '2024-05-28'),
(7693, 72, 25.00, '2024-05-29'),
(7694, 72, 25.00, '2024-05-30'),
(7695, 72, 25.00, '2024-05-31'),
(7696, 73, 30.00, '2024-06-01'),
(7697, 73, 30.00, '2024-06-02'),
(7698, 73, 30.00, '2024-06-03'),
(8057, 69, 30.00, '2024-01-01'),
(8058, 69, 30.00, '2024-02-01'),
(8059, 69, 30.00, '2024-03-01'),
(8060, 69, 30.00, '2024-04-01'),
(8061, 69, 30.00, '2024-05-01'),
(8062, 69, 30.00, '2024-06-01'),
(8063, 69, 30.00, '2024-07-01'),
(8064, 69, 30.00, '2024-08-01'),
(8065, 69, 30.00, '2024-09-01'),
(8066, 69, 30.00, '2024-10-01'),
(8067, 69, 30.00, '2024-11-01'),
(8068, 69, 30.00, '2024-12-01'),
(8069, 69, 30.00, '2024-01-02'),
(8070, 69, 30.00, '2024-02-02'),
(8071, 69, 30.00, '2024-03-02'),
(8072, 69, 30.00, '2024-04-02'),
(8073, 69, 30.00, '2024-05-02'),
(8074, 69, 30.00, '2024-06-02'),
(8075, 69, 30.00, '2024-07-02'),
(8076, 69, 30.00, '2024-08-02'),
(8077, 69, 30.00, '2024-09-02'),
(8078, 69, 30.00, '2024-10-02'),
(8079, 69, 30.00, '2024-11-02'),
(8080, 69, 30.00, '2024-12-02'),
(8081, 69, 30.00, '2024-01-03'),
(8082, 69, 30.00, '2024-02-03'),
(8083, 69, 30.00, '2024-03-03'),
(8084, 69, 30.00, '2024-04-03'),
(8085, 69, 30.00, '2024-05-03'),
(8086, 69, 30.00, '2024-06-03'),
(8087, 69, 30.00, '2024-07-03'),
(8088, 69, 30.00, '2024-08-03'),
(8089, 69, 30.00, '2024-09-03'),
(8090, 69, 30.00, '2024-10-03'),
(8091, 69, 30.00, '2024-11-03'),
(8092, 69, 30.00, '2024-12-03'),
(8093, 69, 30.00, '2024-01-04'),
(8094, 69, 30.00, '2024-02-04'),
(8095, 69, 30.00, '2024-03-04'),
(8096, 69, 30.00, '2024-04-04'),
(8097, 69, 30.00, '2024-05-04'),
(8098, 69, 30.00, '2024-06-04'),
(8099, 69, 30.00, '2024-07-04'),
(8100, 69, 30.00, '2024-08-04'),
(8101, 69, 30.00, '2024-09-04'),
(8102, 69, 30.00, '2024-10-04'),
(8103, 69, 30.00, '2024-11-04'),
(8104, 69, 30.00, '2024-12-04'),
(8105, 69, 30.00, '2024-01-05'),
(8106, 69, 30.00, '2024-02-05'),
(8107, 69, 30.00, '2024-03-05'),
(8108, 69, 30.00, '2024-04-05'),
(8109, 69, 30.00, '2024-05-05'),
(8110, 69, 30.00, '2024-07-05'),
(8111, 69, 30.00, '2024-08-05'),
(8112, 69, 30.00, '2024-09-05'),
(8113, 69, 30.00, '2024-10-05'),
(8114, 69, 30.00, '2024-11-05'),
(8115, 69, 30.00, '2024-12-05'),
(8116, 69, 30.00, '2024-01-06'),
(8117, 69, 30.00, '2024-02-06'),
(8118, 69, 30.00, '2024-03-06'),
(8119, 69, 30.00, '2024-04-06'),
(8120, 69, 30.00, '2024-05-06'),
(8121, 69, 30.00, '2024-07-06'),
(8122, 69, 30.00, '2024-08-06'),
(8123, 69, 30.00, '2024-09-06'),
(8124, 69, 30.00, '2024-10-06'),
(8125, 69, 30.00, '2024-11-06'),
(8126, 69, 30.00, '2024-12-06'),
(8127, 69, 30.00, '2024-01-07'),
(8128, 69, 30.00, '2024-02-07'),
(8129, 69, 30.00, '2024-03-07'),
(8130, 69, 30.00, '2024-04-07'),
(8131, 69, 30.00, '2024-05-07'),
(8132, 69, 30.00, '2024-07-07'),
(8133, 69, 30.00, '2024-08-07'),
(8134, 69, 30.00, '2024-09-07'),
(8135, 69, 30.00, '2024-10-07'),
(8136, 69, 30.00, '2024-11-07'),
(8137, 69, 30.00, '2024-12-07'),
(8138, 69, 30.00, '2024-01-08'),
(8139, 69, 30.00, '2024-02-08'),
(8140, 69, 30.00, '2024-03-08'),
(8141, 69, 30.00, '2024-04-08'),
(8142, 69, 30.00, '2024-05-08'),
(8143, 69, 30.00, '2024-07-08'),
(8144, 69, 30.00, '2024-08-08'),
(8145, 69, 30.00, '2024-09-08'),
(8146, 69, 30.00, '2024-10-08'),
(8147, 69, 30.00, '2024-11-08'),
(8148, 69, 30.00, '2024-12-08'),
(8149, 69, 30.00, '2024-01-09'),
(8150, 69, 30.00, '2024-02-09'),
(8151, 69, 30.00, '2024-03-09'),
(8152, 69, 30.00, '2024-04-09'),
(8153, 69, 30.00, '2024-05-09'),
(8154, 69, 30.00, '2024-07-09'),
(8155, 69, 30.00, '2024-08-09'),
(8156, 69, 30.00, '2024-09-09'),
(8157, 69, 30.00, '2024-10-09'),
(8158, 69, 30.00, '2024-11-09'),
(8159, 69, 30.00, '2024-12-09'),
(8160, 69, 30.00, '2024-01-10'),
(8161, 69, 30.00, '2024-02-10'),
(8162, 69, 30.00, '2024-03-10'),
(8163, 69, 30.00, '2024-04-10'),
(8164, 69, 30.00, '2024-05-10'),
(8165, 69, 30.00, '2024-07-10'),
(8166, 69, 30.00, '2024-08-10'),
(8167, 69, 30.00, '2024-09-10'),
(8168, 69, 30.00, '2024-10-10'),
(8169, 69, 30.00, '2024-11-10'),
(8170, 69, 30.00, '2024-12-10'),
(8171, 69, 30.00, '2024-01-11'),
(8172, 69, 30.00, '2024-02-11'),
(8173, 69, 30.00, '2024-03-11'),
(8174, 69, 30.00, '2024-04-11'),
(8175, 69, 30.00, '2024-05-11'),
(8176, 69, 30.00, '2024-06-11'),
(8177, 69, 30.00, '2024-07-11'),
(8178, 69, 30.00, '2024-08-11'),
(8179, 69, 30.00, '2024-09-11'),
(8180, 69, 30.00, '2024-10-11'),
(8181, 69, 30.00, '2024-11-11'),
(8182, 69, 30.00, '2024-12-11'),
(8183, 69, 30.00, '2024-01-12'),
(8184, 69, 30.00, '2024-02-12'),
(8185, 69, 30.00, '2024-03-12'),
(8186, 69, 30.00, '2024-04-12'),
(8187, 69, 30.00, '2024-05-12'),
(8188, 69, 30.00, '2024-06-12'),
(8189, 69, 30.00, '2024-07-12'),
(8190, 69, 30.00, '2024-08-12'),
(8191, 69, 30.00, '2024-09-12'),
(8192, 69, 30.00, '2024-10-12'),
(8193, 69, 30.00, '2024-11-12'),
(8194, 69, 30.00, '2024-12-12'),
(8195, 69, 30.00, '2024-01-13'),
(8196, 69, 30.00, '2024-02-13'),
(8197, 69, 30.00, '2024-03-13'),
(8198, 69, 30.00, '2024-04-13'),
(8199, 69, 30.00, '2024-05-13'),
(8200, 69, 30.00, '2024-06-13'),
(8201, 69, 30.00, '2024-07-13'),
(8202, 69, 30.00, '2024-08-13'),
(8203, 69, 30.00, '2024-09-13'),
(8204, 69, 30.00, '2024-10-13'),
(8205, 69, 30.00, '2024-11-13'),
(8206, 69, 30.00, '2024-12-13'),
(8207, 69, 30.00, '2024-01-14'),
(8208, 69, 30.00, '2024-02-14'),
(8209, 69, 30.00, '2024-03-14'),
(8210, 69, 30.00, '2024-04-14'),
(8211, 69, 30.00, '2024-05-14'),
(8212, 69, 30.00, '2024-06-14'),
(8213, 69, 30.00, '2024-07-14'),
(8214, 69, 30.00, '2024-08-14'),
(8215, 69, 30.00, '2024-09-14'),
(8216, 69, 30.00, '2024-10-14'),
(8217, 69, 30.00, '2024-11-14'),
(8218, 69, 30.00, '2024-12-14'),
(8219, 69, 30.00, '2024-01-15'),
(8220, 69, 30.00, '2024-02-15'),
(8221, 69, 30.00, '2024-03-15'),
(8222, 69, 30.00, '2024-04-15'),
(8223, 69, 30.00, '2024-05-15'),
(8224, 69, 30.00, '2024-06-15'),
(8225, 69, 30.00, '2024-07-15'),
(8226, 69, 30.00, '2024-08-15'),
(8227, 69, 30.00, '2024-09-15'),
(8228, 69, 30.00, '2024-10-15'),
(8229, 69, 30.00, '2024-11-15'),
(8230, 69, 30.00, '2024-12-15'),
(8231, 69, 30.00, '2024-01-16'),
(8232, 69, 30.00, '2024-02-16'),
(8233, 69, 30.00, '2024-03-16'),
(8234, 69, 30.00, '2024-04-16'),
(8235, 69, 30.00, '2024-05-16'),
(8236, 69, 30.00, '2024-06-16'),
(8237, 69, 30.00, '2024-07-16'),
(8238, 69, 30.00, '2024-08-16'),
(8239, 69, 30.00, '2024-09-16'),
(8240, 69, 30.00, '2024-10-16'),
(8241, 69, 30.00, '2024-11-16'),
(8242, 69, 30.00, '2024-12-16'),
(8243, 69, 30.00, '2024-01-17'),
(8244, 69, 30.00, '2024-02-17'),
(8245, 69, 30.00, '2024-03-17'),
(8246, 69, 30.00, '2024-04-17'),
(8247, 69, 30.00, '2024-05-17'),
(8248, 69, 30.00, '2024-06-17'),
(8249, 69, 30.00, '2024-07-17'),
(8250, 69, 30.00, '2024-08-17'),
(8251, 69, 30.00, '2024-09-17'),
(8252, 69, 30.00, '2024-10-17'),
(8253, 69, 30.00, '2024-11-17'),
(8254, 69, 30.00, '2024-12-17'),
(8255, 69, 30.00, '2024-01-18'),
(8256, 69, 30.00, '2024-02-18'),
(8257, 69, 30.00, '2024-03-18'),
(8258, 69, 30.00, '2024-04-18'),
(8259, 69, 30.00, '2024-05-18'),
(8260, 69, 30.00, '2024-06-18'),
(8261, 69, 30.00, '2024-07-18'),
(8262, 69, 30.00, '2024-08-18'),
(8263, 69, 30.00, '2024-09-18'),
(8264, 69, 30.00, '2024-10-18'),
(8265, 69, 30.00, '2024-11-18'),
(8266, 69, 30.00, '2024-12-18'),
(8267, 69, 30.00, '2024-01-19'),
(8268, 69, 30.00, '2024-02-19'),
(8269, 69, 30.00, '2024-03-19'),
(8270, 69, 30.00, '2024-04-19'),
(8271, 69, 30.00, '2024-05-19'),
(8272, 69, 30.00, '2024-06-19'),
(8273, 69, 30.00, '2024-07-19'),
(8274, 69, 30.00, '2024-08-19'),
(8275, 69, 30.00, '2024-09-19'),
(8276, 69, 30.00, '2024-10-19'),
(8277, 69, 30.00, '2024-11-19'),
(8278, 69, 30.00, '2024-12-19'),
(8279, 69, 30.00, '2024-01-20'),
(8280, 69, 30.00, '2024-02-20'),
(8281, 69, 30.00, '2024-03-20'),
(8282, 69, 30.00, '2024-04-20'),
(8283, 69, 30.00, '2024-05-20'),
(8284, 69, 30.00, '2024-06-20'),
(8285, 69, 30.00, '2024-07-20'),
(8286, 69, 30.00, '2024-08-20'),
(8287, 69, 30.00, '2024-09-20'),
(8288, 69, 30.00, '2024-10-20'),
(8289, 69, 30.00, '2024-11-20'),
(8290, 69, 30.00, '2024-12-20'),
(8291, 69, 30.00, '2024-01-21'),
(8292, 69, 30.00, '2024-02-21'),
(8293, 69, 30.00, '2024-03-21'),
(8294, 69, 30.00, '2024-04-21'),
(8295, 69, 30.00, '2024-05-21'),
(8296, 69, 30.00, '2024-06-21'),
(8297, 69, 30.00, '2024-07-21'),
(8298, 69, 30.00, '2024-08-21'),
(8299, 69, 30.00, '2024-09-21'),
(8300, 69, 30.00, '2024-10-21'),
(8301, 69, 30.00, '2024-11-21'),
(8302, 69, 30.00, '2024-12-21'),
(8303, 69, 30.00, '2024-01-22'),
(8304, 69, 30.00, '2024-02-22'),
(8305, 69, 30.00, '2024-03-22'),
(8306, 69, 30.00, '2024-04-22'),
(8307, 69, 30.00, '2024-06-22'),
(8308, 69, 30.00, '2024-07-22'),
(8309, 69, 30.00, '2024-08-22'),
(8310, 69, 30.00, '2024-09-22'),
(8311, 69, 30.00, '2024-10-22'),
(8312, 69, 30.00, '2024-11-22'),
(8313, 69, 30.00, '2024-12-22'),
(8314, 69, 30.00, '2024-01-23'),
(8315, 69, 30.00, '2024-02-23'),
(8316, 69, 30.00, '2024-03-23'),
(8317, 69, 30.00, '2024-04-23'),
(8318, 69, 30.00, '2024-06-23'),
(8319, 69, 30.00, '2024-07-23'),
(8320, 69, 30.00, '2024-08-23'),
(8321, 69, 30.00, '2024-09-23'),
(8322, 69, 30.00, '2024-10-23'),
(8323, 69, 30.00, '2024-11-23'),
(8324, 69, 30.00, '2024-12-23'),
(8325, 69, 30.00, '2024-01-24'),
(8326, 69, 30.00, '2024-02-24'),
(8327, 69, 30.00, '2024-03-24'),
(8328, 69, 30.00, '2024-04-24'),
(8329, 69, 30.00, '2024-06-24'),
(8330, 69, 30.00, '2024-07-24'),
(8331, 69, 30.00, '2024-08-24'),
(8332, 69, 30.00, '2024-09-24'),
(8333, 69, 30.00, '2024-10-24'),
(8334, 69, 30.00, '2024-11-24'),
(8335, 69, 30.00, '2024-12-24'),
(8336, 69, 30.00, '2024-01-25'),
(8337, 69, 30.00, '2024-02-25'),
(8338, 69, 30.00, '2024-03-25'),
(8339, 69, 30.00, '2024-04-25'),
(8340, 69, 30.00, '2024-06-25'),
(8341, 69, 30.00, '2024-07-25'),
(8342, 69, 30.00, '2024-08-25'),
(8343, 69, 30.00, '2024-09-25'),
(8344, 69, 30.00, '2024-10-25'),
(8345, 69, 30.00, '2024-11-25'),
(8346, 69, 30.00, '2024-12-25'),
(8347, 69, 30.00, '2024-01-26'),
(8348, 69, 30.00, '2024-02-26'),
(8349, 69, 30.00, '2024-03-26'),
(8350, 69, 30.00, '2024-04-26'),
(8351, 69, 30.00, '2024-05-26'),
(8352, 69, 30.00, '2024-06-26'),
(8353, 69, 30.00, '2024-07-26'),
(8354, 69, 30.00, '2024-08-26'),
(8355, 69, 30.00, '2024-09-26'),
(8356, 69, 30.00, '2024-10-26'),
(8357, 69, 30.00, '2024-11-26'),
(8358, 69, 30.00, '2024-12-26'),
(8359, 69, 30.00, '2024-01-27'),
(8360, 69, 30.00, '2024-02-27'),
(8361, 69, 30.00, '2024-03-27'),
(8362, 69, 30.00, '2024-04-27'),
(8363, 69, 30.00, '2024-05-27'),
(8364, 69, 30.00, '2024-06-27'),
(8365, 69, 30.00, '2024-07-27'),
(8366, 69, 30.00, '2024-08-27'),
(8367, 69, 30.00, '2024-09-27'),
(8368, 69, 30.00, '2024-10-27'),
(8369, 69, 30.00, '2024-11-27'),
(8370, 69, 30.00, '2024-12-27'),
(8371, 69, 30.00, '2024-01-28'),
(8372, 69, 30.00, '2024-02-28'),
(8373, 69, 30.00, '2024-03-28'),
(8374, 69, 30.00, '2024-04-28'),
(8375, 69, 30.00, '2024-05-28'),
(8376, 69, 30.00, '2024-06-28'),
(8377, 69, 30.00, '2024-07-28'),
(8378, 69, 30.00, '2024-08-28'),
(8379, 69, 30.00, '2024-09-28'),
(8380, 69, 30.00, '2024-10-28'),
(8381, 69, 30.00, '2024-11-28'),
(8382, 69, 30.00, '2024-12-28'),
(8383, 69, 30.00, '2024-01-29'),
(8384, 69, 30.00, '2024-02-29'),
(8385, 69, 30.00, '2024-03-29'),
(8386, 69, 30.00, '2024-04-29'),
(8387, 69, 30.00, '2024-05-29'),
(8388, 69, 30.00, '2024-06-29'),
(8389, 69, 30.00, '2024-07-29'),
(8390, 69, 30.00, '2024-08-29'),
(8391, 69, 30.00, '2024-09-29'),
(8392, 69, 30.00, '2024-10-29'),
(8393, 69, 30.00, '2024-11-29'),
(8394, 69, 30.00, '2024-12-29'),
(8395, 69, 30.00, '2024-01-30'),
(8396, 69, 30.00, '2024-03-30'),
(8397, 69, 30.00, '2024-04-30'),
(8398, 69, 30.00, '2024-05-30'),
(8399, 69, 30.00, '2024-06-30'),
(8400, 69, 30.00, '2024-07-30'),
(8401, 69, 30.00, '2024-08-30'),
(8402, 69, 30.00, '2024-09-30'),
(8403, 69, 30.00, '2024-10-30'),
(8404, 69, 30.00, '2024-11-30'),
(8405, 69, 30.00, '2024-12-30'),
(8406, 69, 30.00, '2024-01-31'),
(8407, 69, 30.00, '2024-03-31'),
(8408, 69, 30.00, '2024-05-31'),
(8409, 69, 30.00, '2024-07-31'),
(8410, 69, 30.00, '2024-08-31'),
(8411, 69, 30.00, '2024-10-31'),
(8412, 69, 30.00, '2024-12-31'),
(8413, 71, 30.00, '2024-01-01'),
(8414, 71, 30.00, '2024-02-01'),
(8415, 71, 30.00, '2024-03-01'),
(8416, 71, 30.00, '2024-04-01'),
(8417, 71, 30.00, '2024-05-01'),
(8418, 71, 30.00, '2024-06-01'),
(8419, 71, 30.00, '2024-07-01'),
(8420, 71, 30.00, '2024-08-01'),
(8421, 71, 30.00, '2024-09-01'),
(8422, 71, 30.00, '2024-10-01'),
(8423, 71, 30.00, '2024-11-01'),
(8424, 71, 30.00, '2024-12-01'),
(8425, 71, 30.00, '2024-01-02'),
(8426, 71, 30.00, '2024-02-02'),
(8427, 71, 30.00, '2024-03-02'),
(8428, 71, 30.00, '2024-04-02'),
(8429, 71, 30.00, '2024-05-02'),
(8430, 71, 30.00, '2024-06-02'),
(8431, 71, 30.00, '2024-07-02'),
(8432, 71, 30.00, '2024-08-02'),
(8433, 71, 30.00, '2024-09-02'),
(8434, 71, 30.00, '2024-10-02'),
(8435, 71, 30.00, '2024-11-02'),
(8436, 71, 30.00, '2024-12-02'),
(8437, 71, 30.00, '2024-01-03'),
(8438, 71, 30.00, '2024-02-03'),
(8439, 71, 30.00, '2024-03-03'),
(8440, 71, 30.00, '2024-04-03'),
(8441, 71, 30.00, '2024-05-03'),
(8442, 71, 30.00, '2024-06-03'),
(8443, 71, 30.00, '2024-07-03'),
(8444, 71, 30.00, '2024-08-03'),
(8445, 71, 30.00, '2024-09-03'),
(8446, 71, 30.00, '2024-10-03'),
(8447, 71, 30.00, '2024-11-03'),
(8448, 71, 30.00, '2024-12-03'),
(8449, 71, 30.00, '2024-01-04'),
(8450, 71, 30.00, '2024-02-04'),
(8451, 71, 30.00, '2024-03-04'),
(8452, 71, 30.00, '2024-04-04'),
(8453, 71, 30.00, '2024-05-04'),
(8454, 71, 30.00, '2024-06-04'),
(8455, 71, 30.00, '2024-07-04'),
(8456, 71, 30.00, '2024-08-04'),
(8457, 71, 30.00, '2024-09-04'),
(8458, 71, 30.00, '2024-10-04'),
(8459, 71, 30.00, '2024-11-04'),
(8460, 71, 30.00, '2024-12-04'),
(8461, 71, 30.00, '2024-01-05'),
(8462, 71, 30.00, '2024-02-05'),
(8463, 71, 30.00, '2024-03-05'),
(8464, 71, 30.00, '2024-04-05'),
(8465, 71, 30.00, '2024-05-05'),
(8466, 71, 30.00, '2024-06-05'),
(8467, 71, 30.00, '2024-07-05'),
(8468, 71, 30.00, '2024-08-05'),
(8469, 71, 30.00, '2024-09-05'),
(8470, 71, 30.00, '2024-10-05'),
(8471, 71, 30.00, '2024-11-05'),
(8472, 71, 30.00, '2024-12-05'),
(8473, 71, 30.00, '2024-01-06'),
(8474, 71, 30.00, '2024-02-06'),
(8475, 71, 30.00, '2024-03-06'),
(8476, 71, 30.00, '2024-04-06'),
(8477, 71, 30.00, '2024-05-06'),
(8478, 71, 30.00, '2024-06-06'),
(8479, 71, 30.00, '2024-07-06'),
(8480, 71, 30.00, '2024-08-06'),
(8481, 71, 30.00, '2024-09-06'),
(8482, 71, 30.00, '2024-10-06'),
(8483, 71, 30.00, '2024-11-06'),
(8484, 71, 30.00, '2024-12-06'),
(8485, 71, 30.00, '2024-01-07'),
(8486, 71, 30.00, '2024-02-07'),
(8487, 71, 30.00, '2024-03-07'),
(8488, 71, 30.00, '2024-04-07'),
(8489, 71, 30.00, '2024-05-07'),
(8490, 71, 30.00, '2024-06-07'),
(8491, 71, 30.00, '2024-07-07'),
(8492, 71, 30.00, '2024-08-07'),
(8493, 71, 30.00, '2024-09-07'),
(8494, 71, 30.00, '2024-10-07'),
(8495, 71, 30.00, '2024-11-07'),
(8496, 71, 30.00, '2024-12-07'),
(8497, 71, 30.00, '2024-01-08'),
(8498, 71, 30.00, '2024-02-08'),
(8499, 71, 30.00, '2024-03-08'),
(8500, 71, 30.00, '2024-04-08'),
(8501, 71, 30.00, '2024-05-08'),
(8502, 71, 30.00, '2024-06-08'),
(8503, 71, 30.00, '2024-07-08'),
(8504, 71, 30.00, '2024-08-08'),
(8505, 71, 30.00, '2024-09-08'),
(8506, 71, 30.00, '2024-10-08'),
(8507, 71, 30.00, '2024-11-08'),
(8508, 71, 30.00, '2024-12-08'),
(8509, 71, 30.00, '2024-01-09'),
(8510, 71, 30.00, '2024-02-09'),
(8511, 71, 30.00, '2024-03-09'),
(8512, 71, 30.00, '2024-04-09'),
(8513, 71, 30.00, '2024-05-09'),
(8514, 71, 30.00, '2024-06-09'),
(8515, 71, 30.00, '2024-07-09'),
(8516, 71, 30.00, '2024-08-09'),
(8517, 71, 30.00, '2024-09-09'),
(8518, 71, 30.00, '2024-10-09'),
(8519, 71, 30.00, '2024-11-09'),
(8520, 71, 30.00, '2024-12-09'),
(8521, 71, 30.00, '2024-01-10'),
(8522, 71, 30.00, '2024-02-10'),
(8523, 71, 30.00, '2024-03-10'),
(8524, 71, 30.00, '2024-04-10'),
(8525, 71, 30.00, '2024-05-10'),
(8526, 71, 30.00, '2024-06-10'),
(8527, 71, 30.00, '2024-07-10'),
(8528, 71, 30.00, '2024-08-10'),
(8529, 71, 30.00, '2024-09-10'),
(8530, 71, 30.00, '2024-10-10'),
(8531, 71, 30.00, '2024-11-10'),
(8532, 71, 30.00, '2024-12-10'),
(8533, 71, 30.00, '2024-01-11'),
(8534, 71, 30.00, '2024-02-11'),
(8535, 71, 30.00, '2024-03-11'),
(8536, 71, 30.00, '2024-04-11'),
(8537, 71, 30.00, '2024-05-11'),
(8538, 71, 30.00, '2024-06-11'),
(8539, 71, 30.00, '2024-07-11'),
(8540, 71, 30.00, '2024-08-11'),
(8541, 71, 30.00, '2024-09-11'),
(8542, 71, 30.00, '2024-10-11'),
(8543, 71, 30.00, '2024-11-11'),
(8544, 71, 30.00, '2024-12-11'),
(8545, 71, 30.00, '2024-01-12'),
(8546, 71, 30.00, '2024-02-12'),
(8547, 71, 30.00, '2024-03-12'),
(8548, 71, 30.00, '2024-04-12'),
(8549, 71, 30.00, '2024-05-12'),
(8550, 71, 30.00, '2024-06-12'),
(8551, 71, 30.00, '2024-07-12'),
(8552, 71, 30.00, '2024-08-12'),
(8553, 71, 30.00, '2024-09-12'),
(8554, 71, 30.00, '2024-10-12'),
(8555, 71, 30.00, '2024-11-12'),
(8556, 71, 30.00, '2024-12-12'),
(8557, 71, 30.00, '2024-01-13'),
(8558, 71, 30.00, '2024-02-13'),
(8559, 71, 30.00, '2024-03-13'),
(8560, 71, 30.00, '2024-04-13'),
(8561, 71, 30.00, '2024-05-13'),
(8562, 71, 30.00, '2024-06-13'),
(8563, 71, 30.00, '2024-07-13'),
(8564, 71, 30.00, '2024-08-13'),
(8565, 71, 30.00, '2024-09-13'),
(8566, 71, 30.00, '2024-10-13'),
(8567, 71, 30.00, '2024-11-13'),
(8568, 71, 30.00, '2024-12-13'),
(8569, 71, 30.00, '2024-01-14'),
(8570, 71, 30.00, '2024-02-14'),
(8571, 71, 30.00, '2024-03-14'),
(8572, 71, 30.00, '2024-04-14'),
(8573, 71, 30.00, '2024-05-14'),
(8574, 71, 30.00, '2024-06-14'),
(8575, 71, 30.00, '2024-07-14'),
(8576, 71, 30.00, '2024-08-14'),
(8577, 71, 30.00, '2024-09-14'),
(8578, 71, 30.00, '2024-10-14'),
(8579, 71, 30.00, '2024-11-14'),
(8580, 71, 30.00, '2024-12-14'),
(8581, 71, 30.00, '2024-01-15'),
(8582, 71, 30.00, '2024-02-15'),
(8583, 71, 30.00, '2024-03-15'),
(8584, 71, 30.00, '2024-04-15'),
(8585, 71, 30.00, '2024-05-15'),
(8586, 71, 30.00, '2024-06-15'),
(8587, 71, 30.00, '2024-07-15'),
(8588, 71, 30.00, '2024-08-15'),
(8589, 71, 30.00, '2024-09-15'),
(8590, 71, 30.00, '2024-10-15'),
(8591, 71, 30.00, '2024-11-15'),
(8592, 71, 30.00, '2024-12-15'),
(8593, 71, 30.00, '2024-01-16'),
(8594, 71, 30.00, '2024-02-16'),
(8595, 71, 30.00, '2024-03-16'),
(8596, 71, 30.00, '2024-04-16'),
(8597, 71, 30.00, '2024-05-16'),
(8598, 71, 30.00, '2024-06-16'),
(8599, 71, 30.00, '2024-07-16'),
(8600, 71, 30.00, '2024-08-16'),
(8601, 71, 30.00, '2024-09-16'),
(8602, 71, 30.00, '2024-10-16'),
(8603, 71, 30.00, '2024-11-16'),
(8604, 71, 30.00, '2024-12-16'),
(8605, 71, 30.00, '2024-01-17'),
(8606, 71, 30.00, '2024-02-17'),
(8607, 71, 30.00, '2024-03-17'),
(8608, 71, 30.00, '2024-04-17'),
(8609, 71, 30.00, '2024-05-17'),
(8610, 71, 30.00, '2024-06-17'),
(8611, 71, 30.00, '2024-07-17'),
(8612, 71, 30.00, '2024-08-17'),
(8613, 71, 30.00, '2024-09-17'),
(8614, 71, 30.00, '2024-10-17'),
(8615, 71, 30.00, '2024-11-17'),
(8616, 71, 30.00, '2024-12-17'),
(8617, 71, 30.00, '2024-01-18'),
(8618, 71, 30.00, '2024-02-18'),
(8619, 71, 30.00, '2024-03-18'),
(8620, 71, 30.00, '2024-04-18'),
(8621, 71, 30.00, '2024-05-18'),
(8622, 71, 30.00, '2024-06-18'),
(8623, 71, 30.00, '2024-07-18'),
(8624, 71, 30.00, '2024-08-18'),
(8625, 71, 30.00, '2024-09-18'),
(8626, 71, 30.00, '2024-10-18'),
(8627, 71, 30.00, '2024-11-18'),
(8628, 71, 30.00, '2024-12-18'),
(8629, 71, 30.00, '2024-01-19'),
(8630, 71, 30.00, '2024-02-19'),
(8631, 71, 30.00, '2024-03-19'),
(8632, 71, 30.00, '2024-04-19'),
(8633, 71, 30.00, '2024-05-19'),
(8634, 71, 30.00, '2024-06-19'),
(8635, 71, 30.00, '2024-07-19'),
(8636, 71, 30.00, '2024-08-19'),
(8637, 71, 30.00, '2024-09-19'),
(8638, 71, 30.00, '2024-10-19'),
(8639, 71, 30.00, '2024-11-19'),
(8640, 71, 30.00, '2024-12-19'),
(8641, 71, 30.00, '2024-01-20'),
(8642, 71, 30.00, '2024-02-20'),
(8643, 71, 30.00, '2024-03-20'),
(8644, 71, 30.00, '2024-04-20'),
(8645, 71, 30.00, '2024-05-20'),
(8646, 71, 30.00, '2024-06-20'),
(8647, 71, 30.00, '2024-07-20'),
(8648, 71, 30.00, '2024-08-20'),
(8649, 71, 30.00, '2024-09-20'),
(8650, 71, 30.00, '2024-10-20'),
(8651, 71, 30.00, '2024-11-20'),
(8652, 71, 30.00, '2024-12-20'),
(8653, 71, 30.00, '2024-01-21'),
(8654, 71, 30.00, '2024-02-21'),
(8655, 71, 30.00, '2024-03-21'),
(8656, 71, 30.00, '2024-04-21'),
(8657, 71, 30.00, '2024-05-21'),
(8658, 71, 30.00, '2024-06-21'),
(8659, 71, 30.00, '2024-07-21'),
(8660, 71, 30.00, '2024-08-21'),
(8661, 71, 30.00, '2024-09-21'),
(8662, 71, 30.00, '2024-10-21'),
(8663, 71, 30.00, '2024-11-21'),
(8664, 71, 30.00, '2024-12-21'),
(8665, 71, 30.00, '2024-01-22'),
(8666, 71, 30.00, '2024-02-22'),
(8667, 71, 30.00, '2024-03-22'),
(8668, 71, 30.00, '2024-04-22'),
(8669, 71, 30.00, '2024-05-22'),
(8670, 71, 30.00, '2024-06-22'),
(8671, 71, 30.00, '2024-07-22'),
(8672, 71, 30.00, '2024-08-22'),
(8673, 71, 30.00, '2024-09-22'),
(8674, 71, 30.00, '2024-10-22'),
(8675, 71, 30.00, '2024-11-22'),
(8676, 71, 30.00, '2024-12-22'),
(8677, 71, 30.00, '2024-01-23'),
(8678, 71, 30.00, '2024-02-23'),
(8679, 71, 30.00, '2024-03-23'),
(8680, 71, 30.00, '2024-04-23'),
(8681, 71, 30.00, '2024-05-23'),
(8682, 71, 30.00, '2024-06-23'),
(8683, 71, 30.00, '2024-07-23'),
(8684, 71, 30.00, '2024-08-23'),
(8685, 71, 30.00, '2024-09-23'),
(8686, 71, 30.00, '2024-10-23'),
(8687, 71, 30.00, '2024-11-23'),
(8688, 71, 30.00, '2024-12-23'),
(8689, 71, 30.00, '2024-01-24'),
(8690, 71, 30.00, '2024-02-24'),
(8691, 71, 30.00, '2024-03-24'),
(8692, 71, 30.00, '2024-04-24'),
(8693, 71, 30.00, '2024-05-24'),
(8694, 71, 30.00, '2024-06-24'),
(8695, 71, 30.00, '2024-07-24'),
(8696, 71, 30.00, '2024-08-24'),
(8697, 71, 30.00, '2024-09-24'),
(8698, 71, 30.00, '2024-10-24'),
(8699, 71, 30.00, '2024-11-24'),
(8700, 71, 30.00, '2024-12-24'),
(8701, 71, 30.00, '2024-01-25'),
(8702, 71, 30.00, '2024-02-25'),
(8703, 71, 30.00, '2024-03-25'),
(8704, 71, 30.00, '2024-04-25'),
(8705, 71, 30.00, '2024-05-25'),
(8706, 71, 30.00, '2024-06-25'),
(8707, 71, 30.00, '2024-07-25'),
(8708, 71, 30.00, '2024-08-25'),
(8709, 71, 30.00, '2024-09-25'),
(8710, 71, 30.00, '2024-10-25'),
(8711, 71, 30.00, '2024-11-25'),
(8712, 71, 30.00, '2024-12-25'),
(8713, 71, 30.00, '2024-01-26'),
(8714, 71, 30.00, '2024-02-26'),
(8715, 71, 30.00, '2024-03-26'),
(8716, 71, 30.00, '2024-04-26'),
(8717, 71, 30.00, '2024-05-26'),
(8718, 71, 30.00, '2024-06-26'),
(8719, 71, 30.00, '2024-07-26'),
(8720, 71, 30.00, '2024-08-26'),
(8721, 71, 30.00, '2024-09-26'),
(8722, 71, 30.00, '2024-10-26'),
(8723, 71, 30.00, '2024-11-26'),
(8724, 71, 30.00, '2024-12-26'),
(8725, 71, 30.00, '2024-01-27'),
(8726, 71, 30.00, '2024-02-27'),
(8727, 71, 30.00, '2024-03-27'),
(8728, 71, 30.00, '2024-04-27'),
(8729, 71, 30.00, '2024-05-27'),
(8730, 71, 30.00, '2024-06-27'),
(8731, 71, 30.00, '2024-07-27'),
(8732, 71, 30.00, '2024-08-27'),
(8733, 71, 30.00, '2024-09-27'),
(8734, 71, 30.00, '2024-10-27'),
(8735, 71, 30.00, '2024-11-27'),
(8736, 71, 30.00, '2024-12-27'),
(8737, 71, 30.00, '2024-01-28'),
(8738, 71, 30.00, '2024-02-28'),
(8739, 71, 30.00, '2024-03-28'),
(8740, 71, 30.00, '2024-04-28'),
(8741, 71, 30.00, '2024-05-28'),
(8742, 71, 30.00, '2024-06-28'),
(8743, 71, 30.00, '2024-07-28'),
(8744, 71, 30.00, '2024-08-28'),
(8745, 71, 30.00, '2024-09-28'),
(8746, 71, 30.00, '2024-10-28'),
(8747, 71, 30.00, '2024-11-28'),
(8748, 71, 30.00, '2024-12-28'),
(8749, 71, 30.00, '2024-01-29'),
(8750, 71, 30.00, '2024-02-29'),
(8751, 71, 30.00, '2024-03-29'),
(8752, 71, 30.00, '2024-04-29'),
(8753, 71, 30.00, '2024-05-29'),
(8754, 71, 30.00, '2024-06-29'),
(8755, 71, 30.00, '2024-07-29'),
(8756, 71, 30.00, '2024-08-29'),
(8757, 71, 30.00, '2024-09-29'),
(8758, 71, 30.00, '2024-10-29'),
(8759, 71, 30.00, '2024-11-29'),
(8760, 71, 30.00, '2024-12-29'),
(8761, 71, 30.00, '2024-01-30'),
(8762, 71, 30.00, '2024-03-30'),
(8763, 71, 30.00, '2024-04-30'),
(8764, 71, 30.00, '2024-05-30'),
(8765, 71, 30.00, '2024-06-30'),
(8766, 71, 30.00, '2024-07-30'),
(8767, 71, 30.00, '2024-08-30'),
(8768, 71, 30.00, '2024-09-30'),
(8769, 71, 30.00, '2024-10-30'),
(8770, 71, 30.00, '2024-11-30'),
(8771, 71, 30.00, '2024-12-30'),
(8772, 71, 30.00, '2024-01-31'),
(8773, 71, 30.00, '2024-03-31'),
(8774, 71, 30.00, '2024-05-31'),
(8775, 71, 30.00, '2024-07-31'),
(8776, 71, 30.00, '2024-08-31'),
(8777, 71, 30.00, '2024-10-31'),
(8778, 71, 30.00, '2024-12-31'),
(8779, 74, 50.00, '2024-01-01'),
(8780, 74, 50.00, '2024-02-01'),
(8781, 74, 50.00, '2024-03-01'),
(8782, 74, 50.00, '2024-04-01'),
(8783, 74, 50.00, '2024-05-01'),
(8784, 74, 50.00, '2024-07-01'),
(8785, 74, 50.00, '2024-08-01'),
(8786, 74, 50.00, '2024-09-01'),
(8787, 74, 50.00, '2024-10-01'),
(8788, 74, 50.00, '2024-11-01'),
(8789, 74, 50.00, '2024-12-01'),
(8790, 74, 50.00, '2024-01-02'),
(8791, 74, 50.00, '2024-02-02'),
(8792, 74, 50.00, '2024-03-02'),
(8793, 74, 50.00, '2024-04-02'),
(8794, 74, 50.00, '2024-05-02'),
(8795, 74, 50.00, '2024-07-02'),
(8796, 74, 50.00, '2024-08-02'),
(8797, 74, 50.00, '2024-09-02'),
(8798, 74, 50.00, '2024-10-02'),
(8799, 74, 50.00, '2024-11-02'),
(8800, 74, 50.00, '2024-12-02'),
(8801, 74, 50.00, '2024-01-03'),
(8802, 74, 50.00, '2024-02-03'),
(8803, 74, 50.00, '2024-03-03'),
(8804, 74, 50.00, '2024-04-03'),
(8805, 74, 50.00, '2024-05-03'),
(8806, 74, 50.00, '2024-07-03'),
(8807, 74, 50.00, '2024-08-03'),
(8808, 74, 50.00, '2024-09-03'),
(8809, 74, 50.00, '2024-10-03'),
(8810, 74, 50.00, '2024-11-03'),
(8811, 74, 50.00, '2024-12-03'),
(8812, 74, 50.00, '2024-01-04'),
(8813, 74, 50.00, '2024-02-04'),
(8814, 74, 50.00, '2024-03-04'),
(8815, 74, 50.00, '2024-04-04'),
(8816, 74, 50.00, '2024-05-04'),
(8817, 74, 50.00, '2024-07-04'),
(8818, 74, 50.00, '2024-08-04'),
(8819, 74, 50.00, '2024-09-04'),
(8820, 74, 50.00, '2024-10-04'),
(8821, 74, 50.00, '2024-11-04'),
(8822, 74, 50.00, '2024-12-04'),
(8823, 74, 50.00, '2024-01-05'),
(8824, 74, 50.00, '2024-02-05'),
(8825, 74, 50.00, '2024-03-05'),
(8826, 74, 50.00, '2024-04-05'),
(8827, 74, 50.00, '2024-05-05'),
(8828, 74, 50.00, '2024-07-05'),
(8829, 74, 50.00, '2024-08-05'),
(8830, 74, 50.00, '2024-09-05'),
(8831, 74, 50.00, '2024-10-05'),
(8832, 74, 50.00, '2024-11-05'),
(8833, 74, 50.00, '2024-12-05'),
(8834, 74, 50.00, '2024-01-06'),
(8835, 74, 50.00, '2024-02-06'),
(8836, 74, 50.00, '2024-03-06'),
(8837, 74, 50.00, '2024-04-06'),
(8838, 74, 50.00, '2024-05-06'),
(8839, 74, 50.00, '2024-06-06'),
(8840, 74, 50.00, '2024-07-06'),
(8841, 74, 50.00, '2024-08-06'),
(8842, 74, 50.00, '2024-09-06'),
(8843, 74, 50.00, '2024-10-06'),
(8844, 74, 50.00, '2024-11-06'),
(8845, 74, 50.00, '2024-12-06'),
(8846, 74, 50.00, '2024-01-07'),
(8847, 74, 50.00, '2024-02-07'),
(8848, 74, 50.00, '2024-03-07'),
(8849, 74, 50.00, '2024-04-07'),
(8850, 74, 50.00, '2024-05-07'),
(8851, 74, 50.00, '2024-06-07'),
(8852, 74, 50.00, '2024-07-07'),
(8853, 74, 50.00, '2024-08-07'),
(8854, 74, 50.00, '2024-09-07'),
(8855, 74, 50.00, '2024-10-07'),
(8856, 74, 50.00, '2024-11-07'),
(8857, 74, 50.00, '2024-12-07'),
(8858, 74, 50.00, '2024-01-08'),
(8859, 74, 50.00, '2024-02-08'),
(8860, 74, 50.00, '2024-03-08'),
(8861, 74, 50.00, '2024-04-08'),
(8862, 74, 50.00, '2024-05-08'),
(8863, 74, 50.00, '2024-06-08'),
(8864, 74, 50.00, '2024-07-08'),
(8865, 74, 50.00, '2024-08-08'),
(8866, 74, 50.00, '2024-09-08'),
(8867, 74, 50.00, '2024-10-08'),
(8868, 74, 50.00, '2024-11-08'),
(8869, 74, 50.00, '2024-12-08'),
(8870, 74, 50.00, '2024-01-09'),
(8871, 74, 50.00, '2024-02-09'),
(8872, 74, 50.00, '2024-03-09'),
(8873, 74, 50.00, '2024-04-09'),
(8874, 74, 50.00, '2024-05-09'),
(8875, 74, 50.00, '2024-06-09'),
(8876, 74, 50.00, '2024-07-09'),
(8877, 74, 50.00, '2024-08-09'),
(8878, 74, 50.00, '2024-09-09'),
(8879, 74, 50.00, '2024-10-09'),
(8880, 74, 50.00, '2024-11-09'),
(8881, 74, 50.00, '2024-12-09'),
(8882, 74, 50.00, '2024-01-10'),
(8883, 74, 50.00, '2024-02-10'),
(8884, 74, 50.00, '2024-03-10'),
(8885, 74, 50.00, '2024-04-10'),
(8886, 74, 50.00, '2024-05-10'),
(8887, 74, 50.00, '2024-06-10'),
(8888, 74, 50.00, '2024-07-10'),
(8889, 74, 50.00, '2024-08-10'),
(8890, 74, 50.00, '2024-09-10'),
(8891, 74, 50.00, '2024-10-10'),
(8892, 74, 50.00, '2024-11-10'),
(8893, 74, 50.00, '2024-12-10'),
(8894, 74, 50.00, '2024-01-11'),
(8895, 74, 50.00, '2024-02-11'),
(8896, 74, 50.00, '2024-03-11'),
(8897, 74, 50.00, '2024-04-11'),
(8898, 74, 50.00, '2024-05-11'),
(8899, 74, 50.00, '2024-06-11'),
(8900, 74, 50.00, '2024-07-11'),
(8901, 74, 50.00, '2024-08-11'),
(8902, 74, 50.00, '2024-09-11'),
(8903, 74, 50.00, '2024-10-11'),
(8904, 74, 50.00, '2024-11-11'),
(8905, 74, 50.00, '2024-12-11'),
(8906, 74, 50.00, '2024-01-12'),
(8907, 74, 50.00, '2024-02-12'),
(8908, 74, 50.00, '2024-03-12'),
(8909, 74, 50.00, '2024-04-12'),
(8910, 74, 50.00, '2024-05-12'),
(8911, 74, 50.00, '2024-06-12'),
(8912, 74, 50.00, '2024-07-12'),
(8913, 74, 50.00, '2024-08-12'),
(8914, 74, 50.00, '2024-09-12'),
(8915, 74, 50.00, '2024-10-12'),
(8916, 74, 50.00, '2024-11-12'),
(8917, 74, 50.00, '2024-12-12'),
(8918, 74, 50.00, '2024-01-13'),
(8919, 74, 50.00, '2024-02-13'),
(8920, 74, 50.00, '2024-03-13'),
(8921, 74, 50.00, '2024-04-13'),
(8922, 74, 50.00, '2024-05-13'),
(8923, 74, 50.00, '2024-06-13'),
(8924, 74, 50.00, '2024-07-13'),
(8925, 74, 50.00, '2024-08-13'),
(8926, 74, 50.00, '2024-09-13'),
(8927, 74, 50.00, '2024-10-13'),
(8928, 74, 50.00, '2024-11-13'),
(8929, 74, 50.00, '2024-12-13'),
(8930, 74, 50.00, '2024-01-14'),
(8931, 74, 50.00, '2024-02-14'),
(8932, 74, 50.00, '2024-03-14'),
(8933, 74, 50.00, '2024-04-14'),
(8934, 74, 50.00, '2024-05-14'),
(8935, 74, 50.00, '2024-06-14'),
(8936, 74, 50.00, '2024-07-14'),
(8937, 74, 50.00, '2024-08-14'),
(8938, 74, 50.00, '2024-09-14'),
(8939, 74, 50.00, '2024-10-14'),
(8940, 74, 50.00, '2024-11-14'),
(8941, 74, 50.00, '2024-12-14'),
(8942, 74, 50.00, '2024-01-15'),
(8943, 74, 50.00, '2024-02-15'),
(8944, 74, 50.00, '2024-03-15'),
(8945, 74, 50.00, '2024-04-15'),
(8946, 74, 50.00, '2024-05-15'),
(8947, 74, 50.00, '2024-06-15'),
(8948, 74, 50.00, '2024-07-15'),
(8949, 74, 50.00, '2024-08-15'),
(8950, 74, 50.00, '2024-09-15'),
(8951, 74, 50.00, '2024-10-15'),
(8952, 74, 50.00, '2024-11-15'),
(8953, 74, 50.00, '2024-12-15'),
(8954, 74, 50.00, '2024-01-16'),
(8955, 74, 50.00, '2024-02-16'),
(8956, 74, 50.00, '2024-03-16'),
(8957, 74, 50.00, '2024-04-16'),
(8958, 74, 50.00, '2024-05-16'),
(8959, 74, 50.00, '2024-06-16'),
(8960, 74, 50.00, '2024-07-16'),
(8961, 74, 50.00, '2024-08-16'),
(8962, 74, 50.00, '2024-09-16'),
(8963, 74, 50.00, '2024-10-16'),
(8964, 74, 50.00, '2024-11-16'),
(8965, 74, 50.00, '2024-12-16'),
(8966, 74, 50.00, '2024-01-17'),
(8967, 74, 50.00, '2024-02-17'),
(8968, 74, 50.00, '2024-03-17'),
(8969, 74, 50.00, '2024-04-17'),
(8970, 74, 50.00, '2024-05-17'),
(8971, 74, 50.00, '2024-06-17'),
(8972, 74, 50.00, '2024-07-17'),
(8973, 74, 50.00, '2024-08-17'),
(8974, 74, 50.00, '2024-09-17'),
(8975, 74, 50.00, '2024-10-17'),
(8976, 74, 50.00, '2024-11-17'),
(8977, 74, 50.00, '2024-12-17'),
(8978, 74, 50.00, '2024-01-18'),
(8979, 74, 50.00, '2024-02-18'),
(8980, 74, 50.00, '2024-03-18'),
(8981, 74, 50.00, '2024-04-18'),
(8982, 74, 50.00, '2024-05-18'),
(8983, 74, 50.00, '2024-06-18'),
(8984, 74, 50.00, '2024-07-18'),
(8985, 74, 50.00, '2024-08-18'),
(8986, 74, 50.00, '2024-09-18'),
(8987, 74, 50.00, '2024-10-18'),
(8988, 74, 50.00, '2024-11-18'),
(8989, 74, 50.00, '2024-12-18'),
(8990, 74, 50.00, '2024-01-19'),
(8991, 74, 50.00, '2024-02-19'),
(8992, 74, 50.00, '2024-03-19'),
(8993, 74, 50.00, '2024-04-19'),
(8994, 74, 50.00, '2024-05-19'),
(8995, 74, 50.00, '2024-06-19'),
(8996, 74, 50.00, '2024-07-19'),
(8997, 74, 50.00, '2024-08-19'),
(8998, 74, 50.00, '2024-09-19'),
(8999, 74, 50.00, '2024-10-19'),
(9000, 74, 50.00, '2024-11-19'),
(9001, 74, 50.00, '2024-12-19'),
(9002, 74, 50.00, '2024-01-20'),
(9003, 74, 50.00, '2024-02-20'),
(9004, 74, 50.00, '2024-03-20'),
(9005, 74, 50.00, '2024-04-20'),
(9006, 74, 50.00, '2024-05-20'),
(9007, 74, 50.00, '2024-06-20'),
(9008, 74, 50.00, '2024-07-20'),
(9009, 74, 50.00, '2024-08-20'),
(9010, 74, 50.00, '2024-09-20'),
(9011, 74, 50.00, '2024-10-20'),
(9012, 74, 50.00, '2024-11-20'),
(9013, 74, 50.00, '2024-12-20'),
(9014, 74, 50.00, '2024-01-21'),
(9015, 74, 50.00, '2024-02-21'),
(9016, 74, 50.00, '2024-03-21'),
(9017, 74, 50.00, '2024-04-21'),
(9018, 74, 50.00, '2024-05-21'),
(9019, 74, 50.00, '2024-06-21'),
(9020, 74, 50.00, '2024-07-21'),
(9021, 74, 50.00, '2024-08-21'),
(9022, 74, 50.00, '2024-09-21'),
(9023, 74, 50.00, '2024-10-21'),
(9024, 74, 50.00, '2024-11-21'),
(9025, 74, 50.00, '2024-12-21'),
(9026, 74, 50.00, '2024-01-22'),
(9027, 74, 50.00, '2024-02-22'),
(9028, 74, 50.00, '2024-03-22'),
(9029, 74, 50.00, '2024-04-22'),
(9030, 74, 50.00, '2024-05-22'),
(9031, 74, 50.00, '2024-06-22'),
(9032, 74, 50.00, '2024-07-22'),
(9033, 74, 50.00, '2024-08-22'),
(9034, 74, 50.00, '2024-09-22'),
(9035, 74, 50.00, '2024-10-22'),
(9036, 74, 50.00, '2024-11-22'),
(9037, 74, 50.00, '2024-12-22'),
(9038, 74, 50.00, '2024-01-23'),
(9039, 74, 50.00, '2024-02-23'),
(9040, 74, 50.00, '2024-03-23'),
(9041, 74, 50.00, '2024-04-23'),
(9042, 74, 50.00, '2024-05-23'),
(9043, 74, 50.00, '2024-06-23'),
(9044, 74, 50.00, '2024-07-23'),
(9045, 74, 50.00, '2024-08-23'),
(9046, 74, 50.00, '2024-09-23'),
(9047, 74, 50.00, '2024-10-23'),
(9048, 74, 50.00, '2024-11-23'),
(9049, 74, 50.00, '2024-12-23'),
(9050, 74, 50.00, '2024-01-24'),
(9051, 74, 50.00, '2024-02-24'),
(9052, 74, 50.00, '2024-03-24'),
(9053, 74, 50.00, '2024-04-24'),
(9054, 74, 50.00, '2024-05-24'),
(9055, 74, 50.00, '2024-06-24'),
(9056, 74, 50.00, '2024-07-24'),
(9057, 74, 50.00, '2024-08-24'),
(9058, 74, 50.00, '2024-09-24'),
(9059, 74, 50.00, '2024-10-24'),
(9060, 74, 50.00, '2024-11-24'),
(9061, 74, 50.00, '2024-12-24'),
(9062, 74, 50.00, '2024-01-25'),
(9063, 74, 50.00, '2024-02-25'),
(9064, 74, 50.00, '2024-03-25'),
(9065, 74, 50.00, '2024-04-25'),
(9066, 74, 50.00, '2024-05-25'),
(9067, 74, 50.00, '2024-06-25'),
(9068, 74, 50.00, '2024-07-25'),
(9069, 74, 50.00, '2024-08-25'),
(9070, 74, 50.00, '2024-09-25'),
(9071, 74, 50.00, '2024-10-25'),
(9072, 74, 50.00, '2024-11-25'),
(9073, 74, 50.00, '2024-12-25'),
(9074, 74, 50.00, '2024-01-26'),
(9075, 74, 50.00, '2024-02-26'),
(9076, 74, 50.00, '2024-03-26'),
(9077, 74, 50.00, '2024-04-26'),
(9078, 74, 50.00, '2024-05-26'),
(9079, 74, 50.00, '2024-06-26'),
(9080, 74, 50.00, '2024-07-26'),
(9081, 74, 50.00, '2024-08-26'),
(9082, 74, 50.00, '2024-09-26'),
(9083, 74, 50.00, '2024-10-26'),
(9084, 74, 50.00, '2024-11-26'),
(9085, 74, 50.00, '2024-12-26'),
(9086, 74, 50.00, '2024-01-27'),
(9087, 74, 50.00, '2024-02-27'),
(9088, 74, 50.00, '2024-03-27'),
(9089, 74, 50.00, '2024-04-27'),
(9090, 74, 50.00, '2024-05-27'),
(9091, 74, 50.00, '2024-06-27'),
(9092, 74, 50.00, '2024-07-27'),
(9093, 74, 50.00, '2024-08-27'),
(9094, 74, 50.00, '2024-09-27'),
(9095, 74, 50.00, '2024-10-27'),
(9096, 74, 50.00, '2024-11-27'),
(9097, 74, 50.00, '2024-12-27'),
(9098, 74, 50.00, '2024-01-28'),
(9099, 74, 50.00, '2024-02-28'),
(9100, 74, 50.00, '2024-03-28'),
(9101, 74, 50.00, '2024-04-28'),
(9102, 74, 50.00, '2024-05-28'),
(9103, 74, 50.00, '2024-06-28'),
(9104, 74, 50.00, '2024-07-28'),
(9105, 74, 50.00, '2024-08-28'),
(9106, 74, 50.00, '2024-09-28'),
(9107, 74, 50.00, '2024-10-28'),
(9108, 74, 50.00, '2024-11-28'),
(9109, 74, 50.00, '2024-12-28'),
(9110, 74, 50.00, '2024-01-29'),
(9111, 74, 50.00, '2024-02-29'),
(9112, 74, 50.00, '2024-03-29'),
(9113, 74, 50.00, '2024-04-29'),
(9114, 74, 50.00, '2024-05-29'),
(9115, 74, 50.00, '2024-06-29'),
(9116, 74, 50.00, '2024-07-29'),
(9117, 74, 50.00, '2024-08-29'),
(9118, 74, 50.00, '2024-09-29'),
(9119, 74, 50.00, '2024-10-29'),
(9120, 74, 50.00, '2024-11-29'),
(9121, 74, 50.00, '2024-12-29'),
(9122, 74, 50.00, '2024-01-30'),
(9123, 74, 50.00, '2024-03-30'),
(9124, 74, 50.00, '2024-04-30'),
(9125, 74, 50.00, '2024-05-30'),
(9126, 74, 50.00, '2024-06-30'),
(9127, 74, 50.00, '2024-07-30'),
(9128, 74, 50.00, '2024-08-30'),
(9129, 74, 50.00, '2024-09-30'),
(9130, 74, 50.00, '2024-10-30'),
(9131, 74, 50.00, '2024-11-30'),
(9132, 74, 50.00, '2024-12-30'),
(9133, 74, 50.00, '2024-01-31'),
(9134, 74, 50.00, '2024-03-31'),
(9135, 74, 50.00, '2024-05-31'),
(9136, 74, 50.00, '2024-07-31'),
(9137, 74, 50.00, '2024-08-31'),
(9138, 74, 50.00, '2024-10-31'),
(9139, 74, 50.00, '2024-12-31'),
(9140, 75, 39.00, '2024-01-01'),
(9141, 75, 39.00, '2024-02-01'),
(9142, 75, 39.00, '2024-03-01'),
(9143, 75, 39.00, '2024-04-01'),
(9144, 75, 39.00, '2024-05-01'),
(9145, 75, 39.00, '2024-06-01'),
(9146, 75, 39.00, '2024-07-01'),
(9147, 75, 39.00, '2024-08-01'),
(9148, 75, 39.00, '2024-09-01'),
(9149, 75, 39.00, '2024-10-01'),
(9150, 75, 39.00, '2024-11-01'),
(9151, 75, 39.00, '2024-12-01'),
(9152, 75, 39.00, '2024-01-02'),
(9153, 75, 39.00, '2024-02-02'),
(9154, 75, 39.00, '2024-03-02'),
(9155, 75, 39.00, '2024-04-02'),
(9156, 75, 39.00, '2024-05-02'),
(9157, 75, 39.00, '2024-06-02'),
(9158, 75, 39.00, '2024-07-02'),
(9159, 75, 39.00, '2024-08-02'),
(9160, 75, 39.00, '2024-09-02'),
(9161, 75, 39.00, '2024-10-02'),
(9162, 75, 39.00, '2024-11-02'),
(9163, 75, 39.00, '2024-12-02'),
(9164, 75, 39.00, '2024-01-03'),
(9165, 75, 39.00, '2024-02-03'),
(9166, 75, 39.00, '2024-03-03'),
(9167, 75, 39.00, '2024-04-03'),
(9168, 75, 39.00, '2024-05-03'),
(9169, 75, 39.00, '2024-06-03'),
(9170, 75, 39.00, '2024-07-03'),
(9171, 75, 39.00, '2024-08-03'),
(9172, 75, 39.00, '2024-09-03'),
(9173, 75, 39.00, '2024-10-03'),
(9174, 75, 39.00, '2024-11-03'),
(9175, 75, 39.00, '2024-12-03'),
(9176, 75, 39.00, '2024-01-04'),
(9177, 75, 39.00, '2024-02-04'),
(9178, 75, 39.00, '2024-03-04'),
(9179, 75, 39.00, '2024-04-04'),
(9180, 75, 39.00, '2024-05-04'),
(9181, 75, 39.00, '2024-06-04'),
(9182, 75, 39.00, '2024-07-04'),
(9183, 75, 39.00, '2024-08-04'),
(9184, 75, 39.00, '2024-09-04'),
(9185, 75, 39.00, '2024-10-04'),
(9186, 75, 39.00, '2024-11-04'),
(9187, 75, 39.00, '2024-12-04'),
(9188, 75, 39.00, '2024-01-05'),
(9189, 75, 39.00, '2024-02-05'),
(9190, 75, 39.00, '2024-03-05'),
(9191, 75, 39.00, '2024-04-05'),
(9192, 75, 39.00, '2024-05-05'),
(9193, 75, 39.00, '2024-06-05'),
(9194, 75, 39.00, '2024-07-05'),
(9195, 75, 39.00, '2024-08-05'),
(9196, 75, 39.00, '2024-09-05'),
(9197, 75, 39.00, '2024-10-05'),
(9198, 75, 39.00, '2024-11-05'),
(9199, 75, 39.00, '2024-12-05'),
(9200, 75, 39.00, '2024-01-06'),
(9201, 75, 39.00, '2024-02-06'),
(9202, 75, 39.00, '2024-03-06'),
(9203, 75, 39.00, '2024-04-06'),
(9204, 75, 39.00, '2024-05-06'),
(9205, 75, 39.00, '2024-06-06'),
(9206, 75, 39.00, '2024-07-06'),
(9207, 75, 39.00, '2024-08-06'),
(9208, 75, 39.00, '2024-09-06'),
(9209, 75, 39.00, '2024-10-06'),
(9210, 75, 39.00, '2024-11-06'),
(9211, 75, 39.00, '2024-12-06'),
(9212, 75, 39.00, '2024-01-07'),
(9213, 75, 39.00, '2024-02-07'),
(9214, 75, 39.00, '2024-03-07'),
(9215, 75, 39.00, '2024-04-07'),
(9216, 75, 39.00, '2024-05-07'),
(9217, 75, 39.00, '2024-06-07'),
(9218, 75, 39.00, '2024-07-07'),
(9219, 75, 39.00, '2024-08-07'),
(9220, 75, 39.00, '2024-09-07'),
(9221, 75, 39.00, '2024-10-07'),
(9222, 75, 39.00, '2024-11-07'),
(9223, 75, 39.00, '2024-12-07'),
(9224, 75, 39.00, '2024-01-08'),
(9225, 75, 39.00, '2024-02-08'),
(9226, 75, 39.00, '2024-03-08'),
(9227, 75, 39.00, '2024-04-08'),
(9228, 75, 39.00, '2024-05-08'),
(9229, 75, 39.00, '2024-06-08'),
(9230, 75, 39.00, '2024-07-08'),
(9231, 75, 39.00, '2024-08-08'),
(9232, 75, 39.00, '2024-09-08'),
(9233, 75, 39.00, '2024-10-08'),
(9234, 75, 39.00, '2024-11-08'),
(9235, 75, 39.00, '2024-12-08'),
(9236, 75, 39.00, '2024-01-09'),
(9237, 75, 39.00, '2024-02-09'),
(9238, 75, 39.00, '2024-03-09'),
(9239, 75, 39.00, '2024-04-09'),
(9240, 75, 39.00, '2024-05-09'),
(9241, 75, 39.00, '2024-06-09'),
(9242, 75, 39.00, '2024-07-09'),
(9243, 75, 39.00, '2024-08-09'),
(9244, 75, 39.00, '2024-09-09'),
(9245, 75, 39.00, '2024-10-09'),
(9246, 75, 39.00, '2024-11-09'),
(9247, 75, 39.00, '2024-12-09'),
(9248, 75, 39.00, '2024-01-10'),
(9249, 75, 39.00, '2024-02-10'),
(9250, 75, 39.00, '2024-03-10'),
(9251, 75, 39.00, '2024-04-10'),
(9252, 75, 39.00, '2024-05-10'),
(9253, 75, 39.00, '2024-06-10'),
(9254, 75, 39.00, '2024-07-10'),
(9255, 75, 39.00, '2024-08-10'),
(9256, 75, 39.00, '2024-09-10'),
(9257, 75, 39.00, '2024-10-10'),
(9258, 75, 39.00, '2024-11-10'),
(9259, 75, 39.00, '2024-12-10'),
(9260, 75, 39.00, '2024-01-11'),
(9261, 75, 39.00, '2024-02-11'),
(9262, 75, 39.00, '2024-03-11'),
(9263, 75, 39.00, '2024-04-11'),
(9264, 75, 39.00, '2024-05-11'),
(9265, 75, 39.00, '2024-06-11'),
(9266, 75, 39.00, '2024-07-11'),
(9267, 75, 39.00, '2024-08-11'),
(9268, 75, 39.00, '2024-09-11'),
(9269, 75, 39.00, '2024-10-11'),
(9270, 75, 39.00, '2024-11-11'),
(9271, 75, 39.00, '2024-12-11'),
(9272, 75, 39.00, '2024-01-12'),
(9273, 75, 39.00, '2024-02-12'),
(9274, 75, 39.00, '2024-03-12'),
(9275, 75, 39.00, '2024-04-12'),
(9276, 75, 39.00, '2024-05-12'),
(9277, 75, 39.00, '2024-06-12'),
(9278, 75, 39.00, '2024-07-12'),
(9279, 75, 39.00, '2024-08-12'),
(9280, 75, 39.00, '2024-09-12'),
(9281, 75, 39.00, '2024-10-12'),
(9282, 75, 39.00, '2024-11-12'),
(9283, 75, 39.00, '2024-12-12'),
(9284, 75, 39.00, '2024-01-13'),
(9285, 75, 39.00, '2024-02-13'),
(9286, 75, 39.00, '2024-03-13'),
(9287, 75, 39.00, '2024-04-13'),
(9288, 75, 39.00, '2024-05-13'),
(9289, 75, 39.00, '2024-06-13'),
(9290, 75, 39.00, '2024-07-13'),
(9291, 75, 39.00, '2024-08-13'),
(9292, 75, 39.00, '2024-09-13'),
(9293, 75, 39.00, '2024-10-13'),
(9294, 75, 39.00, '2024-11-13'),
(9295, 75, 39.00, '2024-12-13'),
(9296, 75, 39.00, '2024-01-14'),
(9297, 75, 39.00, '2024-02-14'),
(9298, 75, 39.00, '2024-03-14'),
(9299, 75, 39.00, '2024-04-14'),
(9300, 75, 39.00, '2024-05-14'),
(9301, 75, 39.00, '2024-06-14'),
(9302, 75, 39.00, '2024-07-14'),
(9303, 75, 39.00, '2024-08-14'),
(9304, 75, 39.00, '2024-09-14'),
(9305, 75, 39.00, '2024-10-14'),
(9306, 75, 39.00, '2024-11-14'),
(9307, 75, 39.00, '2024-12-14'),
(9308, 75, 39.00, '2024-01-15'),
(9309, 75, 39.00, '2024-02-15'),
(9310, 75, 39.00, '2024-03-15'),
(9311, 75, 39.00, '2024-04-15'),
(9312, 75, 39.00, '2024-05-15'),
(9313, 75, 39.00, '2024-06-15'),
(9314, 75, 39.00, '2024-07-15'),
(9315, 75, 39.00, '2024-08-15'),
(9316, 75, 39.00, '2024-09-15'),
(9317, 75, 39.00, '2024-10-15'),
(9318, 75, 39.00, '2024-11-15'),
(9319, 75, 39.00, '2024-12-15'),
(9320, 75, 39.00, '2024-01-16'),
(9321, 75, 39.00, '2024-02-16'),
(9322, 75, 39.00, '2024-03-16'),
(9323, 75, 39.00, '2024-04-16'),
(9324, 75, 39.00, '2024-05-16'),
(9325, 75, 39.00, '2024-06-16'),
(9326, 75, 39.00, '2024-07-16'),
(9327, 75, 39.00, '2024-08-16'),
(9328, 75, 39.00, '2024-09-16'),
(9329, 75, 39.00, '2024-10-16'),
(9330, 75, 39.00, '2024-11-16'),
(9331, 75, 39.00, '2024-12-16'),
(9332, 75, 39.00, '2024-01-17'),
(9333, 75, 39.00, '2024-02-17'),
(9334, 75, 39.00, '2024-03-17'),
(9335, 75, 39.00, '2024-04-17'),
(9336, 75, 39.00, '2024-05-17'),
(9337, 75, 39.00, '2024-06-17'),
(9338, 75, 39.00, '2024-07-17'),
(9339, 75, 39.00, '2024-08-17'),
(9340, 75, 39.00, '2024-09-17'),
(9341, 75, 39.00, '2024-10-17'),
(9342, 75, 39.00, '2024-11-17'),
(9343, 75, 39.00, '2024-12-17'),
(9344, 75, 39.00, '2024-01-18'),
(9345, 75, 39.00, '2024-02-18'),
(9346, 75, 39.00, '2024-03-18'),
(9347, 75, 39.00, '2024-04-18'),
(9348, 75, 39.00, '2024-05-18'),
(9349, 75, 39.00, '2024-06-18'),
(9350, 75, 39.00, '2024-07-18'),
(9351, 75, 39.00, '2024-08-18'),
(9352, 75, 39.00, '2024-09-18'),
(9353, 75, 39.00, '2024-10-18'),
(9354, 75, 39.00, '2024-11-18'),
(9355, 75, 39.00, '2024-12-18'),
(9356, 75, 39.00, '2024-01-19'),
(9357, 75, 39.00, '2024-02-19'),
(9358, 75, 39.00, '2024-03-19'),
(9359, 75, 39.00, '2024-04-19'),
(9360, 75, 39.00, '2024-05-19'),
(9361, 75, 39.00, '2024-06-19'),
(9362, 75, 39.00, '2024-07-19'),
(9363, 75, 39.00, '2024-08-19'),
(9364, 75, 39.00, '2024-09-19'),
(9365, 75, 39.00, '2024-10-19'),
(9366, 75, 39.00, '2024-11-19'),
(9367, 75, 39.00, '2024-12-19'),
(9368, 75, 39.00, '2024-01-20'),
(9369, 75, 39.00, '2024-02-20'),
(9370, 75, 39.00, '2024-03-20'),
(9371, 75, 39.00, '2024-04-20'),
(9372, 75, 39.00, '2024-05-20'),
(9373, 75, 39.00, '2024-06-20'),
(9374, 75, 39.00, '2024-07-20'),
(9375, 75, 39.00, '2024-08-20'),
(9376, 75, 39.00, '2024-09-20'),
(9377, 75, 39.00, '2024-10-20'),
(9378, 75, 39.00, '2024-11-20'),
(9379, 75, 39.00, '2024-12-20'),
(9380, 75, 39.00, '2024-01-21'),
(9381, 75, 39.00, '2024-02-21'),
(9382, 75, 39.00, '2024-03-21');
INSERT INTO `calendarios_disponibilidad` (`id_horario`, `id_guarderia`, `precio_noche`, `fecha`) VALUES
(9383, 75, 39.00, '2024-04-21'),
(9384, 75, 39.00, '2024-05-21'),
(9385, 75, 39.00, '2024-06-21'),
(9386, 75, 39.00, '2024-07-21'),
(9387, 75, 39.00, '2024-08-21'),
(9388, 75, 39.00, '2024-09-21'),
(9389, 75, 39.00, '2024-10-21'),
(9390, 75, 39.00, '2024-11-21'),
(9391, 75, 39.00, '2024-12-21'),
(9392, 75, 39.00, '2024-01-22'),
(9393, 75, 39.00, '2024-02-22'),
(9394, 75, 39.00, '2024-03-22'),
(9395, 75, 39.00, '2024-04-22'),
(9396, 75, 39.00, '2024-05-22'),
(9397, 75, 39.00, '2024-06-22'),
(9398, 75, 39.00, '2024-07-22'),
(9399, 75, 39.00, '2024-08-22'),
(9400, 75, 39.00, '2024-09-22'),
(9401, 75, 39.00, '2024-10-22'),
(9402, 75, 39.00, '2024-11-22'),
(9403, 75, 39.00, '2024-12-22'),
(9404, 75, 39.00, '2024-01-23'),
(9405, 75, 39.00, '2024-02-23'),
(9406, 75, 39.00, '2024-03-23'),
(9407, 75, 39.00, '2024-04-23'),
(9408, 75, 39.00, '2024-05-23'),
(9409, 75, 39.00, '2024-06-23'),
(9410, 75, 39.00, '2024-07-23'),
(9411, 75, 39.00, '2024-08-23'),
(9412, 75, 39.00, '2024-09-23'),
(9413, 75, 39.00, '2024-10-23'),
(9414, 75, 39.00, '2024-11-23'),
(9415, 75, 39.00, '2024-12-23'),
(9416, 75, 39.00, '2024-01-24'),
(9417, 75, 39.00, '2024-02-24'),
(9418, 75, 39.00, '2024-03-24'),
(9419, 75, 39.00, '2024-04-24'),
(9420, 75, 39.00, '2024-05-24'),
(9421, 75, 39.00, '2024-06-24'),
(9422, 75, 39.00, '2024-07-24'),
(9423, 75, 39.00, '2024-08-24'),
(9424, 75, 39.00, '2024-09-24'),
(9425, 75, 39.00, '2024-10-24'),
(9426, 75, 39.00, '2024-11-24'),
(9427, 75, 39.00, '2024-12-24'),
(9428, 75, 39.00, '2024-01-25'),
(9429, 75, 39.00, '2024-02-25'),
(9430, 75, 39.00, '2024-03-25'),
(9431, 75, 39.00, '2024-04-25'),
(9432, 75, 39.00, '2024-05-25'),
(9433, 75, 39.00, '2024-06-25'),
(9434, 75, 39.00, '2024-07-25'),
(9435, 75, 39.00, '2024-08-25'),
(9436, 75, 39.00, '2024-09-25'),
(9437, 75, 39.00, '2024-10-25'),
(9438, 75, 39.00, '2024-11-25'),
(9439, 75, 39.00, '2024-12-25'),
(9440, 75, 39.00, '2024-01-26'),
(9441, 75, 39.00, '2024-02-26'),
(9442, 75, 39.00, '2024-03-26'),
(9443, 75, 39.00, '2024-04-26'),
(9444, 75, 39.00, '2024-05-26'),
(9445, 75, 39.00, '2024-06-26'),
(9446, 75, 39.00, '2024-07-26'),
(9447, 75, 39.00, '2024-08-26'),
(9448, 75, 39.00, '2024-09-26'),
(9449, 75, 39.00, '2024-10-26'),
(9450, 75, 39.00, '2024-11-26'),
(9451, 75, 39.00, '2024-12-26'),
(9452, 75, 39.00, '2024-01-27'),
(9453, 75, 39.00, '2024-02-27'),
(9454, 75, 39.00, '2024-03-27'),
(9455, 75, 39.00, '2024-04-27'),
(9456, 75, 39.00, '2024-05-27'),
(9457, 75, 39.00, '2024-06-27'),
(9458, 75, 39.00, '2024-07-27'),
(9459, 75, 39.00, '2024-08-27'),
(9460, 75, 39.00, '2024-09-27'),
(9461, 75, 39.00, '2024-10-27'),
(9462, 75, 39.00, '2024-11-27'),
(9463, 75, 39.00, '2024-12-27'),
(9464, 75, 39.00, '2024-01-28'),
(9465, 75, 39.00, '2024-02-28'),
(9466, 75, 39.00, '2024-03-28'),
(9467, 75, 39.00, '2024-04-28'),
(9468, 75, 39.00, '2024-05-28'),
(9469, 75, 39.00, '2024-06-28'),
(9470, 75, 39.00, '2024-07-28'),
(9471, 75, 39.00, '2024-08-28'),
(9472, 75, 39.00, '2024-09-28'),
(9473, 75, 39.00, '2024-10-28'),
(9474, 75, 39.00, '2024-11-28'),
(9475, 75, 39.00, '2024-12-28'),
(9476, 75, 39.00, '2024-01-29'),
(9477, 75, 39.00, '2024-02-29'),
(9478, 75, 39.00, '2024-03-29'),
(9479, 75, 39.00, '2024-04-29'),
(9480, 75, 39.00, '2024-05-29'),
(9481, 75, 39.00, '2024-06-29'),
(9482, 75, 39.00, '2024-07-29'),
(9483, 75, 39.00, '2024-08-29'),
(9484, 75, 39.00, '2024-09-29'),
(9485, 75, 39.00, '2024-10-29'),
(9486, 75, 39.00, '2024-11-29'),
(9487, 75, 39.00, '2024-12-29'),
(9488, 75, 39.00, '2024-01-30'),
(9489, 75, 39.00, '2024-03-30'),
(9490, 75, 39.00, '2024-04-30'),
(9491, 75, 39.00, '2024-05-30'),
(9492, 75, 39.00, '2024-06-30'),
(9493, 75, 39.00, '2024-07-30'),
(9494, 75, 39.00, '2024-08-30'),
(9495, 75, 39.00, '2024-09-30'),
(9496, 75, 39.00, '2024-10-30'),
(9497, 75, 39.00, '2024-11-30'),
(9498, 75, 39.00, '2024-12-30'),
(9499, 75, 39.00, '2024-01-31'),
(9500, 75, 39.00, '2024-03-31'),
(9501, 75, 39.00, '2024-05-31'),
(9502, 75, 39.00, '2024-07-31'),
(9503, 75, 39.00, '2024-08-31'),
(9504, 75, 39.00, '2024-10-31'),
(9505, 75, 39.00, '2024-12-31'),
(9509, 64, 100.00, '2024-06-01'),
(9510, 64, 100.00, '2024-07-01'),
(9511, 64, 100.00, '2024-08-01'),
(9512, 64, 100.00, '2024-09-01'),
(9513, 64, 100.00, '2024-10-01'),
(9514, 64, 100.00, '2024-11-01'),
(9515, 64, 100.00, '2024-12-01'),
(9516, 64, 100.00, '2024-06-02'),
(9517, 64, 100.00, '2024-07-02'),
(9518, 64, 100.00, '2024-08-02'),
(9519, 64, 100.00, '2024-09-02'),
(9520, 64, 100.00, '2024-10-02'),
(9521, 64, 100.00, '2024-11-02'),
(9522, 64, 100.00, '2024-12-02'),
(9523, 64, 100.00, '2024-06-03'),
(9524, 64, 100.00, '2024-07-03'),
(9525, 64, 100.00, '2024-08-03'),
(9526, 64, 100.00, '2024-09-03'),
(9527, 64, 100.00, '2024-10-03'),
(9528, 64, 100.00, '2024-11-03'),
(9529, 64, 100.00, '2024-12-03'),
(9530, 64, 100.00, '2024-06-04'),
(9531, 64, 100.00, '2024-07-04'),
(9532, 64, 100.00, '2024-08-04'),
(9533, 64, 100.00, '2024-09-04'),
(9534, 64, 100.00, '2024-10-04'),
(9535, 64, 100.00, '2024-11-04'),
(9536, 64, 100.00, '2024-12-04'),
(9537, 64, 100.00, '2024-06-05'),
(9538, 64, 100.00, '2024-07-05'),
(9539, 64, 100.00, '2024-08-05'),
(9540, 64, 100.00, '2024-09-05'),
(9541, 64, 100.00, '2024-10-05'),
(9542, 64, 100.00, '2024-11-05'),
(9543, 64, 100.00, '2024-12-05'),
(9544, 64, 100.00, '2024-06-09'),
(9545, 64, 100.00, '2024-07-09'),
(9546, 64, 100.00, '2024-08-09'),
(9547, 64, 100.00, '2024-09-09'),
(9548, 64, 100.00, '2024-10-09'),
(9549, 64, 100.00, '2024-11-09'),
(9550, 64, 100.00, '2024-12-09'),
(9551, 64, 100.00, '2024-06-10'),
(9552, 64, 100.00, '2024-07-10'),
(9553, 64, 100.00, '2024-08-10'),
(9554, 64, 100.00, '2024-09-10'),
(9555, 64, 100.00, '2024-10-10'),
(9556, 64, 100.00, '2024-11-10'),
(9557, 64, 100.00, '2024-12-10'),
(9558, 64, 100.00, '2024-06-11'),
(9559, 64, 100.00, '2024-07-11'),
(9560, 64, 100.00, '2024-08-11'),
(9561, 64, 100.00, '2024-09-11'),
(9562, 64, 100.00, '2024-10-11'),
(9563, 64, 100.00, '2024-11-11'),
(9564, 64, 100.00, '2024-12-11'),
(9565, 64, 100.00, '2024-06-17'),
(9566, 64, 100.00, '2024-07-17'),
(9567, 64, 100.00, '2024-08-17'),
(9568, 64, 100.00, '2024-09-17'),
(9569, 64, 100.00, '2024-10-17'),
(9570, 64, 100.00, '2024-11-17'),
(9571, 64, 100.00, '2024-12-17'),
(9572, 64, 100.00, '2024-05-18'),
(9573, 64, 100.00, '2024-06-18'),
(9574, 64, 100.00, '2024-07-18'),
(9575, 64, 100.00, '2024-08-18'),
(9576, 64, 100.00, '2024-09-18'),
(9577, 64, 100.00, '2024-10-18'),
(9578, 64, 100.00, '2024-11-18'),
(9579, 64, 100.00, '2024-12-18'),
(9580, 64, 100.00, '2024-05-19'),
(9581, 64, 100.00, '2024-06-19'),
(9582, 64, 100.00, '2024-07-19'),
(9583, 64, 100.00, '2024-08-19'),
(9584, 64, 100.00, '2024-09-19'),
(9585, 64, 100.00, '2024-10-19'),
(9586, 64, 100.00, '2024-11-19'),
(9587, 64, 100.00, '2024-12-19'),
(9588, 64, 100.00, '2024-05-20'),
(9589, 64, 100.00, '2024-05-21'),
(9590, 64, 100.00, '2024-05-22'),
(9591, 64, 100.00, '2024-05-23'),
(9592, 64, 100.00, '2024-06-23'),
(9593, 64, 100.00, '2024-07-23'),
(9594, 64, 100.00, '2024-08-23'),
(9595, 64, 100.00, '2024-09-23'),
(9596, 64, 100.00, '2024-10-23'),
(9597, 64, 100.00, '2024-11-23'),
(9598, 64, 100.00, '2024-12-23'),
(9599, 64, 100.00, '2024-05-24'),
(9600, 64, 100.00, '2024-06-24'),
(9601, 64, 100.00, '2024-07-24'),
(9602, 64, 100.00, '2024-08-24'),
(9603, 64, 100.00, '2024-09-24'),
(9604, 64, 100.00, '2024-10-24'),
(9605, 64, 100.00, '2024-11-24'),
(9606, 64, 100.00, '2024-12-24'),
(9607, 64, 100.00, '2024-05-25'),
(9608, 64, 100.00, '2024-06-25'),
(9609, 64, 100.00, '2024-07-25'),
(9610, 64, 100.00, '2024-08-25'),
(9611, 64, 100.00, '2024-09-25'),
(9612, 64, 100.00, '2024-10-25'),
(9613, 64, 100.00, '2024-11-25'),
(9614, 64, 100.00, '2024-12-25'),
(9615, 64, 100.00, '2024-05-26'),
(9616, 64, 100.00, '2024-06-26'),
(9617, 64, 100.00, '2024-07-26'),
(9618, 64, 100.00, '2024-08-26'),
(9619, 64, 100.00, '2024-09-26'),
(9620, 64, 100.00, '2024-10-26'),
(9621, 64, 100.00, '2024-11-26'),
(9622, 64, 100.00, '2024-12-26'),
(9623, 64, 100.00, '2024-05-27'),
(9624, 64, 100.00, '2024-06-27'),
(9625, 64, 100.00, '2024-07-27'),
(9626, 64, 100.00, '2024-08-27'),
(9627, 64, 100.00, '2024-09-27'),
(9628, 64, 100.00, '2024-10-27'),
(9629, 64, 100.00, '2024-11-27'),
(9630, 64, 100.00, '2024-12-27'),
(9631, 64, 100.00, '2024-05-28'),
(9632, 64, 100.00, '2024-06-28'),
(9633, 64, 100.00, '2024-07-28'),
(9634, 64, 100.00, '2024-08-28'),
(9635, 64, 100.00, '2024-09-28'),
(9636, 64, 100.00, '2024-10-28'),
(9637, 64, 100.00, '2024-11-28'),
(9638, 64, 100.00, '2024-12-28'),
(9639, 76, 25.00, '2024-07-01'),
(9640, 76, 25.00, '2024-07-02'),
(9641, 76, 25.00, '2024-07-03'),
(9642, 76, 25.00, '2024-06-17'),
(9643, 76, 25.00, '2024-07-17'),
(9644, 76, 25.00, '2024-06-18'),
(9645, 76, 25.00, '2024-07-18'),
(9646, 76, 25.00, '2024-06-19'),
(9647, 76, 25.00, '2024-07-19'),
(9648, 76, 25.00, '2024-06-20'),
(9649, 76, 25.00, '2024-07-20'),
(9650, 63, 28.00, '2024-06-17'),
(9651, 63, 28.00, '2024-07-17'),
(9652, 63, 28.00, '2024-08-17'),
(9653, 63, 28.00, '2024-06-18'),
(9654, 63, 28.00, '2024-07-18'),
(9655, 63, 28.00, '2024-08-18'),
(9656, 63, 28.00, '2024-06-19'),
(9657, 63, 28.00, '2024-07-19'),
(9658, 63, 28.00, '2024-08-19'),
(9659, 63, 28.00, '2024-06-20'),
(9660, 63, 28.00, '2024-07-20'),
(9661, 63, 28.00, '2024-08-20'),
(9662, 79, 29.00, '2024-06-17'),
(9663, 79, 29.00, '2024-07-17'),
(9664, 79, 29.00, '2024-06-18'),
(9665, 79, 29.00, '2024-07-18'),
(9666, 79, 29.00, '2024-06-19'),
(9667, 79, 29.00, '2024-07-19'),
(9668, 79, 29.00, '2024-06-20'),
(9669, 79, 29.00, '2024-07-20'),
(9670, 80, 27.00, '2024-06-17'),
(9671, 80, 27.00, '2024-07-17'),
(9672, 80, 27.00, '2024-06-18'),
(9673, 80, 27.00, '2024-07-18'),
(9674, 80, 27.00, '2024-06-19'),
(9675, 80, 27.00, '2024-07-19'),
(9676, 80, 27.00, '2024-06-20'),
(9677, 80, 27.00, '2024-07-20'),
(9678, 80, 27.00, '2024-06-21'),
(9679, 80, 27.00, '2024-07-21'),
(9680, 80, 27.00, '2024-06-22'),
(9681, 80, 27.00, '2024-07-22'),
(9682, 80, 27.00, '2024-06-23'),
(9683, 80, 27.00, '2024-07-23'),
(9684, 80, 27.00, '2024-06-24'),
(9685, 80, 27.00, '2024-07-24'),
(9686, 80, 27.00, '2024-06-25'),
(9687, 80, 27.00, '2024-07-25'),
(9688, 80, 27.00, '2024-06-26'),
(9689, 80, 27.00, '2024-07-26'),
(9690, 80, 27.00, '2024-06-27'),
(9691, 80, 27.00, '2024-07-27'),
(9692, 80, 27.00, '2024-06-28'),
(9693, 80, 27.00, '2024-07-28'),
(9694, 80, 27.00, '2024-06-29'),
(9695, 80, 27.00, '2024-07-29'),
(9696, 80, 27.00, '2024-06-30'),
(9697, 80, 27.00, '2024-07-30'),
(9698, 83, 26.00, '2024-06-17'),
(9699, 83, 26.00, '2024-07-17'),
(9700, 83, 26.00, '2024-06-18'),
(9701, 83, 26.00, '2024-07-18'),
(9702, 83, 26.00, '2024-06-19'),
(9703, 83, 26.00, '2024-07-19'),
(9704, 83, 26.00, '2024-06-20'),
(9705, 83, 26.00, '2024-07-20'),
(9706, 83, 26.00, '2024-06-21'),
(9707, 83, 26.00, '2024-07-21'),
(9708, 83, 26.00, '2024-06-22'),
(9709, 83, 26.00, '2024-07-22'),
(9710, 83, 26.00, '2024-06-23'),
(9711, 83, 26.00, '2024-07-23'),
(9712, 83, 26.00, '2024-06-24'),
(9713, 83, 26.00, '2024-07-24'),
(9714, 83, 26.00, '2024-06-25'),
(9715, 83, 26.00, '2024-07-25'),
(9716, 83, 26.00, '2024-06-26'),
(9717, 83, 26.00, '2024-07-26'),
(9718, 83, 26.00, '2024-06-27'),
(9719, 83, 26.00, '2024-07-27'),
(9720, 83, 26.00, '2024-06-28'),
(9721, 83, 26.00, '2024-07-28'),
(9722, 83, 26.00, '2024-06-29'),
(9723, 83, 26.00, '2024-07-29'),
(9724, 83, 26.00, '2024-06-30'),
(9725, 83, 26.00, '2024-07-30'),
(9726, 83, 26.00, '2024-07-31'),
(9727, 85, 25.00, '2024-06-17'),
(9728, 85, 25.00, '2024-07-17'),
(9729, 85, 25.00, '2024-06-18'),
(9730, 85, 25.00, '2024-07-18'),
(9731, 85, 25.00, '2024-06-19'),
(9732, 85, 25.00, '2024-07-19'),
(9733, 85, 25.00, '2024-06-20'),
(9734, 85, 25.00, '2024-07-20'),
(9735, 85, 25.00, '2024-06-21'),
(9736, 85, 25.00, '2024-07-21'),
(9737, 85, 25.00, '2024-06-22'),
(9738, 85, 25.00, '2024-07-22'),
(9739, 85, 25.00, '2024-06-23'),
(9740, 85, 25.00, '2024-07-23'),
(9741, 85, 25.00, '2024-06-24'),
(9742, 85, 25.00, '2024-07-24'),
(9743, 85, 25.00, '2024-06-25'),
(9744, 85, 25.00, '2024-07-25'),
(9745, 85, 25.00, '2024-06-26'),
(9746, 85, 25.00, '2024-07-26'),
(9747, 85, 25.00, '2024-06-27'),
(9748, 85, 25.00, '2024-07-27'),
(9749, 85, 25.00, '2024-06-28'),
(9750, 85, 25.00, '2024-07-28'),
(9751, 85, 25.00, '2024-06-29'),
(9752, 85, 25.00, '2024-07-29'),
(9753, 85, 25.00, '2024-06-30'),
(9754, 85, 25.00, '2024-07-30'),
(9755, 85, 25.00, '2024-07-31'),
(9756, 77, 25.00, '2024-06-17'),
(9757, 77, 25.00, '2024-07-17'),
(9758, 77, 25.00, '2024-06-18'),
(9759, 77, 25.00, '2024-07-18'),
(9760, 77, 25.00, '2024-06-19'),
(9761, 77, 25.00, '2024-07-19'),
(9762, 77, 25.00, '2024-06-20'),
(9763, 77, 25.00, '2024-07-20'),
(9764, 77, 25.00, '2024-06-21'),
(9765, 77, 25.00, '2024-07-21'),
(9766, 77, 25.00, '2024-06-22'),
(9767, 77, 25.00, '2024-07-22'),
(9768, 77, 25.00, '2024-06-23'),
(9769, 77, 25.00, '2024-07-23'),
(9770, 77, 25.00, '2024-06-24'),
(9771, 77, 25.00, '2024-07-24'),
(9772, 77, 25.00, '2024-06-25'),
(9773, 77, 25.00, '2024-07-25'),
(9774, 77, 25.00, '2024-06-26'),
(9775, 77, 25.00, '2024-07-26'),
(9776, 77, 25.00, '2024-06-27'),
(9777, 77, 25.00, '2024-07-27'),
(9778, 77, 25.00, '2024-06-28'),
(9779, 77, 25.00, '2024-07-28'),
(9780, 77, 25.00, '2024-06-29'),
(9781, 77, 25.00, '2024-07-29'),
(9782, 77, 25.00, '2024-06-30'),
(9783, 77, 25.00, '2024-07-30'),
(9784, 77, 25.00, '2024-07-31'),
(9785, 86, 24.00, '2024-06-17'),
(9786, 86, 24.00, '2024-07-17'),
(9787, 86, 24.00, '2024-06-18'),
(9788, 86, 24.00, '2024-07-18'),
(9789, 86, 24.00, '2024-06-19'),
(9790, 86, 24.00, '2024-07-19'),
(9791, 86, 24.00, '2024-06-20'),
(9792, 86, 24.00, '2024-07-20'),
(9793, 86, 24.00, '2024-06-21'),
(9794, 86, 24.00, '2024-07-21'),
(9795, 86, 24.00, '2024-06-22'),
(9796, 86, 24.00, '2024-07-22'),
(9797, 86, 24.00, '2024-06-23'),
(9798, 86, 24.00, '2024-07-23'),
(9799, 86, 24.00, '2024-06-24'),
(9800, 86, 24.00, '2024-07-24'),
(9801, 86, 24.00, '2024-06-25'),
(9802, 86, 24.00, '2024-07-25'),
(9803, 86, 24.00, '2024-06-26'),
(9804, 86, 24.00, '2024-07-26'),
(9805, 86, 24.00, '2024-06-27'),
(9806, 86, 24.00, '2024-07-27'),
(9807, 86, 24.00, '2024-06-28'),
(9808, 86, 24.00, '2024-07-28'),
(9809, 86, 24.00, '2024-06-29'),
(9810, 86, 24.00, '2024-07-29'),
(9811, 86, 24.00, '2024-06-30'),
(9812, 86, 24.00, '2024-07-30'),
(9813, 86, 24.00, '2024-07-31'),
(9814, 81, 25.80, '2024-06-17'),
(9815, 81, 25.80, '2024-07-17'),
(9816, 81, 25.80, '2024-06-18'),
(9817, 81, 25.80, '2024-07-18'),
(9818, 81, 25.80, '2024-06-19'),
(9819, 81, 25.80, '2024-07-19'),
(9820, 81, 25.80, '2024-06-20'),
(9821, 81, 25.80, '2024-07-20'),
(9822, 81, 25.80, '2024-06-21'),
(9823, 81, 25.80, '2024-07-21'),
(9824, 81, 25.80, '2024-06-22'),
(9825, 81, 25.80, '2024-07-22'),
(9826, 81, 25.80, '2024-06-23'),
(9827, 81, 25.80, '2024-07-23'),
(9828, 81, 25.80, '2024-06-24'),
(9829, 81, 25.80, '2024-07-24'),
(9830, 81, 25.80, '2024-06-25'),
(9831, 81, 25.80, '2024-07-25'),
(9832, 81, 25.80, '2024-06-26'),
(9833, 81, 25.80, '2024-07-26'),
(9834, 81, 25.80, '2024-06-27'),
(9835, 81, 25.80, '2024-07-27'),
(9836, 81, 25.80, '2024-06-28'),
(9837, 81, 25.80, '2024-07-28'),
(9838, 81, 25.80, '2024-06-29'),
(9839, 81, 25.80, '2024-07-29'),
(9840, 81, 25.80, '2024-06-30'),
(9841, 81, 25.80, '2024-07-30'),
(9842, 81, 25.80, '2024-07-31'),
(9867, 87, 26.00, '2024-06-17'),
(9868, 87, 26.00, '2024-07-17'),
(9869, 87, 26.00, '2024-06-18'),
(9870, 87, 26.00, '2024-07-18'),
(9871, 87, 26.00, '2024-06-19'),
(9872, 87, 26.00, '2024-07-19'),
(9873, 87, 26.00, '2024-06-20'),
(9874, 87, 26.00, '2024-07-20'),
(9875, 87, 26.00, '2024-06-21'),
(9876, 87, 26.00, '2024-07-21'),
(9877, 87, 26.00, '2024-06-22'),
(9878, 87, 26.00, '2024-07-22'),
(9879, 87, 26.00, '2024-06-23'),
(9880, 87, 26.00, '2024-07-23'),
(9881, 87, 26.00, '2024-06-24'),
(9882, 87, 26.00, '2024-07-24'),
(9883, 87, 26.00, '2024-06-25'),
(9884, 87, 26.00, '2024-07-25'),
(9885, 87, 26.00, '2024-06-26'),
(9886, 87, 26.00, '2024-07-26'),
(9887, 87, 26.00, '2024-06-27'),
(9888, 87, 26.00, '2024-06-28'),
(9889, 87, 26.00, '2024-06-29'),
(9890, 87, 26.00, '2024-06-30'),
(9891, 84, 25.00, '2024-06-17'),
(9892, 84, 25.00, '2024-07-17'),
(9893, 84, 25.00, '2024-06-18'),
(9894, 84, 25.00, '2024-07-18'),
(9895, 84, 25.00, '2024-06-19'),
(9896, 84, 25.00, '2024-07-19'),
(9897, 84, 25.00, '2024-06-20'),
(9898, 84, 25.00, '2024-07-20'),
(9899, 84, 25.00, '2024-06-21'),
(9900, 84, 25.00, '2024-07-21'),
(9901, 84, 25.00, '2024-06-22'),
(9902, 84, 25.00, '2024-07-22'),
(9903, 84, 25.00, '2024-06-23'),
(9904, 84, 25.00, '2024-07-23'),
(9905, 84, 25.00, '2024-06-24'),
(9906, 84, 25.00, '2024-07-24'),
(9907, 84, 25.00, '2024-06-25'),
(9908, 84, 25.00, '2024-07-25'),
(9909, 84, 25.00, '2024-06-26'),
(9910, 84, 25.00, '2024-07-26'),
(9911, 84, 25.00, '2024-06-27'),
(9912, 84, 25.00, '2024-07-27'),
(9913, 84, 25.00, '2024-06-28'),
(9914, 84, 25.00, '2024-07-28'),
(9915, 84, 25.00, '2024-06-29'),
(9916, 84, 25.00, '2024-07-29'),
(9917, 84, 25.00, '2024-06-30'),
(9918, 84, 25.00, '2024-07-30'),
(9919, 84, 25.00, '2024-07-31'),
(9920, 88, 5.00, '2024-06-11'),
(9921, 88, 5.00, '2024-06-12');

-- --------------------------------------------------------

--
-- Estructura de tabla para la tabla `facturas`
--

CREATE TABLE `facturas` (
  `id factura` int(254) NOT NULL,
  `id usuario` int(254) NOT NULL,
  `id reserva` int(254) NOT NULL,
  `total` int(254) NOT NULL,
  `fecha` date NOT NULL,
  `nombre_guarderia` varchar(254) NOT NULL
) ENGINE=InnoDB DEFAULT CHARSET=utf8mb4 COLLATE=utf8mb4_general_ci;

--
-- Volcado de datos para la tabla `facturas`
--

INSERT INTO `facturas` (`id factura`, `id usuario`, `id reserva`, `total`, `fecha`, `nombre_guarderia`) VALUES
(1, 26, 54, 41, '2024-05-30', 'Guardería de Nilda'),
(2, 26, 55, 41, '2024-05-30', 'Guardería de Nilda'),
(3, 26, 56, 34, '2024-05-31', 'Guarderia de Jose'),
(6, 26, 58, 34, '2024-05-31', 'Guarderia de Jose'),
(7, 26, 61, 50, '2024-05-31', 'Pettastic'),
(8, 26, 62, 50, '2024-05-31', 'Pettastic'),
(9, 26, 63, 34, '2024-05-31', 'Guardería de Nilda'),
(10, 26, 64, 34, '2024-05-31', 'Guardería de Nilda'),
(11, 26, 65, 34, '2024-05-31', 'Guardería de Nilda'),
(12, 26, 66, 48, '2024-05-31', 'La Villa Encantada'),
(13, 26, 67, 34, '2024-05-31', 'Guardería de Nilda'),
(14, 26, 68, 34, '2024-05-31', 'Guardería de Nilda'),
(15, 26, 72, 69, '2024-06-01', 'Guardería de Nilda'),
(16, 26, 73, 69, '2024-06-01', 'Guardería de Nilda'),
(17, 26, 74, 69, '2024-06-02', 'Pettastic'),
(18, 29, 75, 103, '2024-06-02', 'Guardería de Nilda'),
(19, 31, 76, 89, '2024-06-03', 'Guaredería de la Abuela Nelly'),
(20, 31, 77, 89, '2024-06-03', 'Guaredería de la Abuela Nelly'),
(21, 32, 78, 44, '2024-06-11', 'Hotel Canino y El Rey de la Casa'),
(22, 25, 79, 29, '2024-06-12', 'Residencia Canina Saboya');

-- --------------------------------------------------------

--
-- Estructura de tabla para la tabla `guarderias`
--

CREATE TABLE `guarderias` (
  `id_guarderia` int(254) NOT NULL,
  `nombre_guarderia` varchar(254) NOT NULL,
  `direccion` varchar(255) NOT NULL,
  `telefono` varchar(20) NOT NULL,
  `correo_electronico` varchar(254) NOT NULL,
  `password` varchar(255) NOT NULL,
  `puntuacion` decimal(3,2) DEFAULT 0.00
) ENGINE=InnoDB DEFAULT CHARSET=utf8mb4 COLLATE=utf8mb4_general_ci;

--
-- Volcado de datos para la tabla `guarderias`
--

INSERT INTO `guarderias` (`id_guarderia`, `nombre_guarderia`, `direccion`, `telefono`, `correo_electronico`, `password`, `puntuacion`) VALUES
(63, 'Dogcamp', 'Calle Bellavista, 31, 28212, Madrid', '645121415', 'dogcan@gmail.com', '$2y$10$cmWqlwcB/Bq7GzoJYTJjz.L9NKnDOPTUZaLGeeA5n2BB3/555n7bO', 4.50),
(64, 'La Villa Encantada', 'Torremocha del Jarama, 28189, Madrid', '605 618 111', 'lavillaencantada@gmail.com', '$2y$10$huPMvSVloDA/eUeSyT6icehHhACz6I6x3sJZoeAH/Vp.u3Ik.Ekt.', 4.20),
(66, 'WagWag', 'Avenida Menéndez Pelayo 9, Madrid', '640 126 421', 'wagwag@gmail.com', '$2y$10$UxBjb8.tIKEzvv/VDal0g.vLKfg0vHAYADT9o9WBSSONDfi0tiw6G', 3.90),
(68, 'Mami Dogguies', 'Calle Navarrete, 9,Madrid', '623 390 785 ', 'mamidogguies@gmail.com', '$2y$10$tUsU9k/b0Ju4fk41a90xD.B1eBExpoDeAUQBctHFmKVA381XcyoTa', 4.10),
(76, 'Residencia CanGal', 'Lugar de Roan, 27  , Santiago de compostela', '611181567', 'residenciacangal@gmail.com', '$2y$10$THNqNq20ooXoEdBU5vPwu.ia1A.J.46n74NkTHeHjU0kbbELoImCe', 4.50),
(77, 'Residencia Los Perales', 'Carretera Puerto Santa, km5, Cadiz', '654 363 633 ', 'losperales@gmail.com', '$2y$10$cFrFvHpAkemE/MOLJz4wG.IhB/uyMxeUOWJC1MJisDNUA6p34bnTa', 4.60),
(79, 'El Perro Feliz España', 'Calle Ramonal, 7, Sevilla', '611 434 731', 'perrofeliz@gmail.com', '$2y$10$JNDzJt1aXk.6muo2cBi3K.frthGonN8rxolvzBN4FvNJlHWpiwCc2', 4.10),
(80, 'Centro Canino Gufy', 'Carretera de Fuencarralal Pardo, km 35 Madrid', '913732788', 'centrocaninogufy@gmail.com', '$2y$10$u8PCd8IXtlZUFumWVrmlFef7y.1AVOgGtFs7w8/LvQr/OOs6WBcWq', 4.30),
(81, 'Centro Canino El Xelan', 'El Xelan, 37, Asturias', '609112111', 'elxelan@gmail.com', '$2y$10$8w2wZHPYbGogEPdtTCjoAe9fr9PdknkOoQZQa8pYWa4bWPpPNs2Hi', 4.80),
(83, 'txinbito', 'Juan de Garay, 7, Abando, Bilbao', '685725673', 'txinbito@gmail.com', '$2y$10$HyyKfyqyT/wwzjufZFulZeUeOt7U6oMgvROHvzXiCkCb7bVnBrMwC', 4.40),
(84, 'Barcelona Dog Care', 'Carrer de Mir Geribert, 10, Barcelona', '644655699', 'barcelonadogcare@gmail.com', '$2y$10$O6eaOMyE7DdW5XMvUUo4BObA9qccBqlBkEQxMcwIFIeh3Sj2eTu4W', 4.80),
(85, 'Hotel Canino y El Rey de la Casa', 'Campello, 33, Alicante', '677440471', 'hotelcaninoyfelino@gmail.com', '$2y$10$9SJMBiPbMqNvAcDtzZT4I..xJQF9KpNpLcIYstCBmEp2dEbb5Q5G2', 3.90),
(86, 'Pet Barcelona', 'Carrer de Bertran, 8, Barcelona', '615 01 25 58', 'petbarcelona@gmail.com', '$2y$10$IHFYbTDxNwx3GRrAC2L2FeJ.lYRe8WjZ89P0SfGSO4youZZA1JuPW', 4.80),
(87, 'Residencia Canina Saboya', 'Partida de Saboia, 101, Valencia', '9618565624', 'saboya@gmail.com', '$2y$10$Rvto1CssvAmPnAORfIbU4.8I0lcYeoAeg667H1VUpAGrCfr1UbBaS', 4.10);

-- --------------------------------------------------------

--
-- Estructura de tabla para la tabla `imagenes_guarderia`
--

CREATE TABLE `imagenes_guarderia` (
  `id` int(11) NOT NULL,
  `id_guarderia` int(11) DEFAULT NULL,
  `imagen_url` varchar(255) DEFAULT NULL,
  `fecha_subida` timestamp NOT NULL DEFAULT current_timestamp(),
  `ruta_imagen` longblob NOT NULL
) ENGINE=InnoDB DEFAULT CHARSET=utf8mb4 COLLATE=utf8mb4_general_ci;

--
-- Volcado de datos para la tabla `imagenes_guarderia`
--

INSERT INTO `imagenes_guarderia` (`id`, `id_guarderia`, `imagen_url`, `fecha_subida`, `ruta_imagen`) VALUES
(61, NULL, 'imagenes_guarderia/la villa encantada.png', '2024-05-12 18:42:50', 0x2f6f70742f6c616d70702f6874646f63732f446f67696e6e2f446f67696e6e2d6d61737465722f696d6167656e65735f6775617264657269612f6c612076696c6c6120656e63616e746164612e706e67),
(172, 61, 'imagenes_guarderia/OIG_EDITADA.png', '2024-05-12 19:12:22', 0x2f6f70742f6c616d70702f6874646f63732f446f67696e6e2f446f67696e6e2d6d61737465722f696d6167656e65735f6775617264657269612f4f49475f454449544144412e706e67),
(175, 61, 'imagenes_guarderia/fondo.jpg', '2024-05-12 19:16:16', 0x2f6f70742f6c616d70702f6874646f63732f446f67696e6e2f446f67696e6e2d6d61737465722f696d6167656e65735f6775617264657269612f666f6e646f2e6a7067),
(176, 61, 'imagenes_guarderia/perrosubir.jpeg', '2024-05-12 19:19:07', 0x2f6f70742f6c616d70702f6874646f63732f446f67696e6e2f446f67696e6e2d6d61737465722f696d6167656e65735f6775617264657269612f706572726f73756269722e6a706567),
(177, 61, 'imagenes_guarderia/pontudoginn.png', '2024-05-14 16:56:56', 0x2f6f70742f6c616d70702f6874646f63732f446f67696e6e2f446f67696e6e2d6d61737465722f696d6167656e65735f6775617264657269612f706f6e7475646f67696e6e2e706e67),
(178, 63, 'imagenes_guarderia/dogcamp1.png', '2024-05-15 07:31:13', 0x2f6f70742f6c616d70702f6874646f63732f446f67696e6e2f446f67696e6e2d6d61737465722f696d6167656e65735f6775617264657269612f646f6763616d70312e706e67),
(179, 63, 'imagenes_guarderia/dogcamp2.png', '2024-05-15 07:31:20', 0x2f6f70742f6c616d70702f6874646f63732f446f67696e6e2f446f67696e6e2d6d61737465722f696d6167656e65735f6775617264657269612f646f6763616d70322e706e67),
(181, 64, 'imagenes_guarderia/lavilla.png', '2024-05-15 08:04:29', 0x2f6f70742f6c616d70702f6874646f63732f446f67696e6e2f446f67696e6e2d6d61737465722f696d6167656e65735f6775617264657269612f6c6176696c6c612e706e67),
(182, 64, 'imagenes_guarderia/lavilla1.png', '2024-05-15 08:04:36', 0x2f6f70742f6c616d70702f6874646f63732f446f67696e6e2f446f67696e6e2d6d61737465722f696d6167656e65735f6775617264657269612f6c6176696c6c61312e706e67),
(183, 64, 'imagenes_guarderia/lavilla2.png', '2024-05-15 08:04:44', 0x2f6f70742f6c616d70702f6874646f63732f446f67696e6e2f446f67696e6e2d6d61737465722f696d6167656e65735f6775617264657269612f6c6176696c6c61322e706e67),
(184, 64, 'imagenes_guarderia/lavilla3.png', '2024-05-15 08:04:50', 0x2f6f70742f6c616d70702f6874646f63732f446f67696e6e2f446f67696e6e2d6d61737465722f696d6167656e65735f6775617264657269612f6c6176696c6c61332e706e67),
(191, 66, 'imagenes_guarderia/wagwag3.png', '2024-05-18 15:39:51', 0x2f6f70742f6c616d70702f6874646f63732f446f67696e6e2f446f67696e6e2d6d61737465722f696d6167656e65735f6775617264657269612f776167776167332e706e67),
(192, 66, 'imagenes_guarderia/wagwag2.png', '2024-05-18 15:39:57', 0x2f6f70742f6c616d70702f6874646f63732f446f67696e6e2f446f67696e6e2d6d61737465722f696d6167656e65735f6775617264657269612f776167776167322e706e67),
(195, 66, 'imagenes_guarderia/wagwag4.jpg', '2024-05-18 15:43:01', 0x2f6f70742f6c616d70702f6874646f63732f446f67696e6e2f446f67696e6e2d6d61737465722f696d6167656e65735f6775617264657269612f776167776167342e6a7067),
(200, 63, 'imagenes_guarderia/dogcamp6.png', '2024-05-19 16:45:17', 0x2f6f70742f6c616d70702f6874646f63732f446f67696e6e2f446f67696e6e2d6d61737465722f696d6167656e65735f6775617264657269612f646f6763616d70362e706e67),
(208, 68, 'imagenes_guarderia/nueva6.webp', '2024-05-19 17:00:13', 0x2f6f70742f6c616d70702f6874646f63732f446f67696e6e2f446f67696e6e2d6d61737465722f696d6167656e65735f6775617264657269612f6e75657661362e77656270),
(209, 68, 'imagenes_guarderia/nueva7.webp', '2024-05-19 17:00:19', 0x2f6f70742f6c616d70702f6874646f63732f446f67696e6e2f446f67696e6e2d6d61737465722f696d6167656e65735f6775617264657269612f6e75657661372e77656270),
(210, 68, 'imagenes_guarderia/nueva.jpg', '2024-05-19 17:00:25', 0x2f6f70742f6c616d70702f6874646f63732f446f67696e6e2f446f67696e6e2d6d61737465722f696d6167656e65735f6775617264657269612f6e756576612e6a7067),
(211, 72, 'imagenes_guarderia/guarderiasergio1.png', '2024-05-23 15:29:28', 0x696d6167656e65735f6775617264657269612f67756172646572696173657267696f312e706e67),
(212, 71, 'imagenes_guarderia/pettastic.jpg', '2024-05-23 21:40:31', 0x696d6167656e65735f6775617264657269612f7065747461737469632e6a7067),
(213, 69, 'imagenes_guarderia/guarderianilda.jpg', '2024-05-23 21:42:23', 0x696d6167656e65735f6775617264657269612f6775617264657269616e696c64612e6a7067),
(214, 73, 'imagenes_guarderia/guarderiajose.jpg', '2024-05-23 21:42:41', 0x696d6167656e65735f6775617264657269612f6775617264657269616a6f73652e6a7067),
(215, 70, 'imagenes_guarderia/guarderiasergio2.jpeg', '2024-05-23 21:42:58', 0x696d6167656e65735f6775617264657269612f67756172646572696173657267696f322e6a706567),
(216, 74, 'imagenes_guarderia/julio.jpg', '2024-06-02 08:50:03', 0x696d6167656e65735f6775617264657269612f6a756c696f2e6a7067),
(217, 74, 'imagenes_guarderia/julio1.jpg', '2024-06-02 08:50:23', 0x696d6167656e65735f6775617264657269612f6a756c696f312e6a7067),
(218, 74, 'imagenes_guarderia/julio2.jpg', '2024-06-02 08:50:34', 0x696d6167656e65735f6775617264657269612f6a756c696f322e6a7067),
(219, 75, 'imagenes_guarderia/nelly.jpg', '2024-06-03 18:19:04', 0x696d6167656e65735f6775617264657269612f6e656c6c792e6a7067),
(220, 76, 'imagenes_guarderia/Screenshot_6.png', '2024-06-09 09:26:34', 0x696d6167656e65735f6775617264657269612f53637265656e73686f745f362e706e67),
(221, 76, 'imagenes_guarderia/Screenshot_3.png', '2024-06-09 09:26:43', 0x696d6167656e65735f6775617264657269612f53637265656e73686f745f332e706e67),
(224, 77, 'imagenes_guarderia/Screenshot_4.png', '2024-06-09 10:31:28', 0x696d6167656e65735f6775617264657269612f53637265656e73686f745f342e706e67),
(229, 79, 'imagenes_guarderia/Screenshot_1.png', '2024-06-09 10:48:54', 0x696d6167656e65735f6775617264657269612f53637265656e73686f745f312e706e67),
(230, 80, 'imagenes_guarderia/labrador-retriever-2472269_1920.jpg', '2024-06-11 04:38:11', 0x696d6167656e65735f6775617264657269612f6c61627261646f722d7265747269657665722d323437323236395f313932302e6a7067),
(231, 80, 'imagenes_guarderia/centro canino gufy.webp', '2024-06-11 04:38:18', 0x696d6167656e65735f6775617264657269612f63656e74726f2063616e696e6f20677566792e77656270),
(232, 80, 'imagenes_guarderia/black-german-shepherd-trained.jpg.webp', '2024-06-11 04:38:25', 0x696d6167656e65735f6775617264657269612f626c61636b2d6765726d616e2d73686570686572642d747261696e65642e6a70672e77656270),
(233, 81, 'imagenes_guarderia/3e640cb96e.jpg', '2024-06-11 04:48:42', 0x696d6167656e65735f6775617264657269612f336536343063623936652e6a7067),
(234, 81, 'imagenes_guarderia/572a66f4c6297c31111c08d8a1c378f7.jpg', '2024-06-11 04:48:58', 0x696d6167656e65735f6775617264657269612f35373261363666346336323937633331313131633038643861316333373866372e6a7067),
(235, 81, 'imagenes_guarderia/1576045135_297082.jpeg', '2024-06-11 04:49:05', 0x696d6167656e65735f6775617264657269612f313537363034353133355f3239373038322e6a706567),
(236, 83, 'imagenes_guarderia/572a66f4c6297c31111c08d8a1c378f7.jpg', '2024-06-11 04:55:08', 0x696d6167656e65735f6775617264657269612f35373261363666346336323937633331313131633038643861316333373866372e6a7067),
(237, 83, 'imagenes_guarderia/3e640cb96e.jpg', '2024-06-11 04:55:17', 0x696d6167656e65735f6775617264657269612f336536343063623936652e6a7067),
(243, 84, 'imagenes_guarderia/nueva2.jpeg', '2024-06-11 05:05:38', 0x696d6167656e65735f6775617264657269612f6e75657661322e6a706567),
(245, 84, 'imagenes_guarderia/EiSLb4MUMAIECRo.jpg', '2024-06-11 05:06:01', 0x696d6167656e65735f6775617264657269612f4569534c62344d554d41494543526f2e6a7067),
(246, 85, 'imagenes_guarderia/Screenshot_5.png', '2024-06-11 05:13:03', 0x696d6167656e65735f6775617264657269612f53637265656e73686f745f352e706e67),
(252, 85, 'imagenes_guarderia/elrrr.png', '2024-06-11 05:15:54', 0x696d6167656e65735f6775617264657269612f656c7272722e706e67),
(253, 86, 'imagenes_guarderia/petba.png', '2024-06-11 05:25:46', 0x696d6167656e65735f6775617264657269612f70657462612e706e67),
(254, 86, 'imagenes_guarderia/petttt.png', '2024-06-11 05:25:53', 0x696d6167656e65735f6775617264657269612f7065747474742e706e67),
(256, 87, 'imagenes_guarderia/SABOYA1.png', '2024-06-12 04:11:46', 0x696d6167656e65735f6775617264657269612f5341424f5941312e706e67),
(257, 87, 'imagenes_guarderia/SABOYA3.png', '2024-06-12 04:11:56', 0x696d6167656e65735f6775617264657269612f5341424f5941332e706e67),
(258, 87, 'imagenes_guarderia/SABOYA4.png', '2024-06-12 04:12:04', 0x696d6167656e65735f6775617264657269612f5341424f5941342e706e67),
(259, 76, 'imagenes_guarderia/CANGAL2.png', '2024-06-12 04:16:01', 0x696d6167656e65735f6775617264657269612f43414e47414c322e706e67),
(260, 77, 'imagenes_guarderia/perales_1.png', '2024-06-12 04:18:10', 0x696d6167656e65735f6775617264657269612f706572616c65735f312e706e67),
(261, 77, 'imagenes_guarderia/oerales2.png', '2024-06-12 04:18:17', 0x696d6167656e65735f6775617264657269612f6f6572616c6573322e706e67),
(262, 79, 'imagenes_guarderia/elperro1.png', '2024-06-12 04:21:08', 0x696d6167656e65735f6775617264657269612f656c706572726f312e706e67),
(264, 79, 'imagenes_guarderia/perrofeliz3.png', '2024-06-12 04:22:41', 0x696d6167656e65735f6775617264657269612f706572726f66656c697a332e706e67),
(265, 83, 'imagenes_guarderia/xibito1.png', '2024-06-12 04:24:19', 0x696d6167656e65735f6775617264657269612f78696269746f312e706e67),
(266, 84, 'imagenes_guarderia/BARECELONADOG1.png', '2024-06-12 04:26:02', 0x696d6167656e65735f6775617264657269612f4241524543454c4f4e41444f47312e706e67),
(267, 85, 'imagenes_guarderia/HOTELREYCASA.png', '2024-06-12 04:27:57', 0x696d6167656e65735f6775617264657269612f484f54454c524559434153412e706e67),
(268, 86, 'imagenes_guarderia/PETBARCELONA.png', '2024-06-12 04:30:32', 0x696d6167656e65735f6775617264657269612f50455442415243454c4f4e412e706e67),
(269, 88, 'imagenes_guarderia/tenor.gif', '2024-06-12 06:44:20', 0x696d6167656e65735f6775617264657269612f74656e6f722e676966),
(270, 88, 'imagenes_guarderia/logofacebook.png', '2024-06-12 06:44:25', 0x696d6167656e65735f6775617264657269612f6c6f676f66616365626f6f6b2e706e67);

-- --------------------------------------------------------

--
-- Estructura de tabla para la tabla `perros`
--

CREATE TABLE `perros` (
  `id_perro` int(254) NOT NULL,
  `id_usuario` int(254) NOT NULL,
  `nombre_perro` varchar(254) NOT NULL,
  `raza_perro` text NOT NULL,
  `edad` int(11) NOT NULL
) ENGINE=InnoDB DEFAULT CHARSET=utf8mb4 COLLATE=utf8mb4_general_ci;

--
-- Volcado de datos para la tabla `perros`
--

INSERT INTO `perros` (`id_perro`, `id_usuario`, `nombre_perro`, `raza_perro`, `edad`) VALUES
(1, 26, 'Chanel', 'Chihuahua', 11),
(2, 26, 'Clowi', 'Chihuahua', 12),
(3, 26, 'Arianna', 'Chihuahua', 15),
(4, 26, 'Raton', 'Chihuahua', 9),
(7, 26, 'Max', 'Pastor Aleman', 5),
(8, 26, 'Rocky B', 'Gran Danés', 12),
(9, 26, 'Pecas', 'Carlino', 3),
(10, 26, 'Oreo', 'Bichón Maltés', 2),
(11, 26, 'Blacky', 'Gran Danés', 3),
(12, 26, 'Inca', 'Perro Peruano', 10),
(13, 26, 'Chiqui', 'Mastin', 11),
(14, 26, 'Mesias', 'Buldog Francés', 11),
(15, 26, 'Rosa', 'Buldog Francés', 15),
(16, 26, 'Oreo', 'Pastor Aleman', 12),
(17, 26, 'Rulas', 'Pastor Aleman', 11),
(18, 26, 'Pelos', 'Chihuahua', 15),
(21, 26, 'Perlas', 'Chihuahua', 3),
(22, 26, 'Paki', 'Chihuahua', 12),
(23, 26, 'Lacasitos', 'Carlino', 12),
(24, 26, 'Lisa', 'Chihuahua', 10),
(25, 26, 'Peluca', 'Bichón Maltés', 12),
(26, 26, 'Arianna', 'Chihuahua', 15),
(27, 26, 'Nilo', 'Mastin', 10),
(28, 26, 'Pilas', 'Chihuahua', 12),
(29, 26, 'Coockie', 'Pastor Aleman', 11),
(30, 26, 'Rocas', 'Chihuahua', 15),
(31, 26, 'Mona', 'Chihuahua', 15),
(32, 26, 'Flash', 'Pastor Aleman', 3),
(34, 26, 'Badbo', 'Gran Danés', 6),
(35, 26, 'Clerck', 'Buldog Francés', 6),
(36, 26, 'Churro', 'Buldog Francés', 6),
(37, 26, 'Joselu', 'Mastin', 3),
(38, 29, 'Maradona', 'Pastor Aleman', 10),
(39, 31, 'Lasy', 'Pinche', 5),
(40, 31, 'Bunny', 'Perro Peruano', 19),
(41, 32, 'david', 'david', 12),
(42, 25, 'jose', 'jose', 14);

-- --------------------------------------------------------

--
-- Estructura de tabla para la tabla `reservas`
--

CREATE TABLE `reservas` (
  `id_reserva` int(254) NOT NULL,
  `id_usuario` int(254) NOT NULL,
  `id_perro` int(254) NOT NULL,
  `nombre_guarderia` varchar(254) NOT NULL,
  `fecha_inicio` date DEFAULT NULL,
  `fecha_fin` date DEFAULT NULL,
  `raza_perro` varchar(254) NOT NULL,
  `nombre_perro` varchar(255) DEFAULT NULL,
  `id_guarderia` int(11) DEFAULT NULL
) ENGINE=InnoDB DEFAULT CHARSET=utf8mb4 COLLATE=utf8mb4_general_ci;

--
-- Volcado de datos para la tabla `reservas`
--

INSERT INTO `reservas` (`id_reserva`, `id_usuario`, `id_perro`, `nombre_guarderia`, `fecha_inicio`, `fecha_fin`, `raza_perro`, `nombre_perro`, `id_guarderia`) VALUES
(25, 25, 63, '63', '2024-06-01', '2024-06-02', 'Bichon', NULL, NULL),
(28, 25, 63, '63', '2024-06-01', '2024-06-03', 'Pitbull', NULL, NULL),
(29, 25, 66, '66', '2024-06-01', '2024-06-03', 'bichon', NULL, NULL),
(30, 25, 63, '63', '2024-06-01', '2024-06-03', 'Pitbull', NULL, NULL),
(31, 25, 63, '63', '2024-06-01', '2024-06-02', 'Bordercoli', NULL, NULL),
(32, 25, 66, '66', '2024-06-01', '2024-06-03', 'Galgo', NULL, NULL),
(33, 25, 63, '63', '2024-06-01', '2024-06-02', 'Galgo', NULL, NULL),
(34, 25, 68, '68', '2024-06-01', '2024-06-02', 'Cachorro', NULL, NULL),
(35, 26, 72, '72', '2024-05-23', '2024-05-24', 'Chihuahua', NULL, NULL),
(36, 26, 73, '73', '2024-05-23', '2024-05-24', 'Mastin', NULL, NULL),
(37, 26, 72, '72', '2024-05-24', '2024-05-25', 'Carlino', NULL, NULL),
(38, 26, 1, 'Guardería de Sergio', '2024-05-28', '2024-05-29', 'Chihuahua', 'Chanel', 72),
(39, 26, 2, 'Guardería de Sergio', '2024-05-30', '2024-05-31', 'Chihuahua', 'Clowi', 72),
(40, 26, 3, 'Guardería de Nilda', '2024-05-30', '2024-05-31', 'Chihuahua', 'Arianna', 69),
(41, 26, 4, 'Guardería de Sergio', '2024-05-30', '2024-05-31', 'Chihuahua', 'Raton', 72),
(44, 26, 7, 'Guardería de Sergio', '2024-05-30', '2024-05-31', 'Pastor Aleman', 'Max', 72),
(53, 26, 16, 'Guarderia de Jose', '2024-06-01', '2024-06-02', 'Pastor Aleman', 'Oreo', 73),
(54, 26, 17, 'Guardería de Nilda', '2024-05-30', '2024-05-31', 'Pastor Aleman', 'Rulas', 69),
(55, 26, 18, 'Guardería de Nilda', '2024-05-31', '2024-06-01', 'Chihuahua', 'Pelos', 69),
(58, 26, 21, 'Guarderia de Jose', '2024-06-01', '2024-06-02', 'Chihuahua', 'Perlas', 73),
(59, 26, 22, 'Guarderia de Jose', '2024-06-01', '2024-06-02', 'Chihuahua', 'Paki', 73),
(60, 26, 23, 'Pettastic', '2024-06-03', '2024-06-04', 'Carlino', 'Lacasitos', 71),
(61, 26, 24, 'Pettastic', '2024-06-03', '2024-06-04', 'Chihuahua', 'Lisa', 71),
(62, 26, 25, 'Pettastic', '2024-06-03', '2024-06-04', 'Bichón Maltés', 'Peluca', 71),
(63, 26, 26, 'Guardería de Nilda', '2024-06-03', '2024-06-04', 'Chihuahua', 'Arianna', 69),
(64, 26, 27, 'Guardería de Nilda', '2024-06-03', '2024-06-04', 'Mastin', 'Nilo', 69),
(65, 26, 28, 'Guardería de Nilda', '2024-06-03', '2024-06-04', 'Chihuahua', 'Pilas', 69),
(66, 26, 29, 'La Villa Encantada', '2024-06-04', '2024-06-05', 'Pastor Aleman', 'Coockie', 64),
(67, 26, 30, 'Guardería de Nilda', '2024-06-01', '2024-07-02', 'Chihuahua', 'Rocas', 69),
(68, 26, 31, 'Guardería de Nilda', '2024-06-01', '2024-06-02', 'Chihuahua', 'Mona', 69),
(69, 26, 32, 'Guardería de Nilda', '2024-06-02', '2024-06-03', 'Pastor Aleman', 'Flash', 69),
(71, 26, 34, 'Guardería de Nilda', '2024-06-25', '2024-06-27', 'Gran Danés', 'Badbo', 69),
(72, 26, 35, 'Guardería de Nilda', '2024-06-02', '2024-06-04', 'Buldog Francés', 'Clerck', 69),
(73, 26, 36, 'Guardería de Nilda', '2024-06-03', '2024-06-05', 'Buldog Francés', 'Churro', 69),
(74, 26, 37, 'Pettastic', '2024-07-02', '2024-07-04', 'Mastin', 'Joselu', 71),
(75, 29, 38, 'Guardería de Nilda', '2024-07-02', '2024-07-05', 'Pastor Aleman', 'Maradona', 69),
(76, 31, 39, 'Guaredería de la Abuela Nelly', '2024-07-04', '2024-07-06', 'Pinche', 'Lasy', 75),
(77, 31, 40, 'Guaredería de la Abuela Nelly', '2024-06-04', '2024-06-06', 'Perro Peruano', 'Bunny', 75),
(78, 32, 41, 'Hotel Canino y El Rey de la Casa', '2024-06-17', '2024-06-18', 'david', 'david', 75),
(79, 25, 42, 'Residencia Canina Saboya', '2024-06-17', '2024-06-18', 'jose', 'jose', 87);

-- --------------------------------------------------------

--
-- Estructura de tabla para la tabla `usuarios`
--

CREATE TABLE `usuarios` (
  `id` int(11) NOT NULL,
  `nombre` varchar(200) NOT NULL,
  `primer_apellido` varchar(200) NOT NULL,
  `segundo_apellido` varchar(200) NOT NULL,
  `telefono` int(9) NOT NULL,
  `email` varchar(200) NOT NULL,
  `password` varchar(255) NOT NULL
) ENGINE=InnoDB DEFAULT CHARSET=utf8mb4 COLLATE=utf8mb4_general_ci;

--
-- Volcado de datos para la tabla `usuarios`
--

INSERT INTO `usuarios` (`id`, `nombre`, `primer_apellido`, `segundo_apellido`, `telefono`, `email`, `password`) VALUES
(1, 'root', 'root', '', 0, 'root@email.com', ''),
(18, 'Kilian', 'Gonazalez', 'Kilimeuth', 676193354, 'kilo10@gmail.com', '$2y$10$J6ynhEMrkVgb95r7NM.7cuqsB4uGGCJLorv764PND/GP8Qk1nzoZa'),
(19, 'Sergio', 'Seminario', 'Villalba', 747039177, 'sergio@gmail.com', '$2y$10$8804iMLfZ1nNpxMvY/cYRu4.4DPw9/qw.gm10cEZffTDf7FEelyNi'),
(20, 'Diana', 'Ruiz', 'Fernandez', 738604456, 'diana@gmail.com', '$2y$10$SM0tZmmNYd.C8KiQmhDKfePNEgUQStb5DdQRoOe3r7/QPb/ji3thm'),
(21, 'Carlos', 'Llave', 'Perez', 795146176, 'carlos@gmail.com', '$2y$10$vZUtu7djWnYmMcsRZFg1j.CiljxK9qR1lVFlw0LmfLVNWzLjYri16'),
(22, 'Gabriela', 'Jaramillo', 'De los Rios', 621670166, 'gabi@gmail.com', '$2y$10$KbL8IPnZ7Gxn8teorvB7cucQZi1ZHD5KyXB1n9oOZDncSnB1wPyte'),
(23, 'Fabian', 'Salomon', 'Gomez', 624871568, 'fabian@gmail.com', '$2y$10$shLvK5wwoRmLA4Hj5xSaheWm1iYJS/JguppMLbFoS2rlqigCfAi/S'),
(24, 'Mirian', 'Maldonado', 'Pereira', 679774861, 'mirian@gmail.com', '$2y$10$0FMPdlvudX/Ot3Uu2Jy7fOMH7H4WOvWufotQxgFgwYiyzPCBiRD0W'),
(25, 'Julio', 'Eguis', 'Vasquez', 667280378, 'julio@gmail.com', '$2y$10$IaKi.t9Ps9KCZ6DSstrNxOqdBGpCqFJE8594mG7bWEnEy0FIFrOpu'),
(26, 'Rafael', 'Seminario', 'Villalba', 614255173, 'rafael@gmail.com', '$2y$10$QLjuHb4ie08pY86SIGD4nOyhV1ft5LWTc7GgQb8v12v.soxPSCbn.'),
(27, 'Carla', 'Seminario', 'Villalba', 776632201, 'carla@gmail.com', '$2y$10$RZLc9QShXxuPrRKyYwrr9.pExqTMq5R9fsepy0Ns6SgihTrIkBFg.'),
(28, 'Andrea', 'Villalba', 'Rodriguez', 663996369, 'andrea@gmail.com', '$2y$10$TJ1Xx7IDKHdt/7Gqj6k.Q.eDAqfJm8T3rnr870W1ok1nD53.tyBqG'),
(29, 'Mariluz', 'Fortea', 'Gomez', 605605698, 'mariluz@gmail.com', '$2y$10$Fe0FSekbLbIU988T7IBcRurx1mXIiImOPoRQZBMaU.eaJB2OOzz7.'),
(30, 'Cristian', 'Siguero', 'Perez', 654654654, 'cristian@gmail.com', '$2y$10$3K0lgCCkTVHwCAfr9djIGutV/ixrbtprS1oSr89Rlt2jeQrNTGYKG'),
(31, 'Cesar', 'Seminario', 'Cerna', 744744788, 'cesar@gmail.com', '$2y$10$GEy1SN5LqLLF2z4SgU5AhOAFvtbjSnDOqMUGGdpQYzCxmFLBxYSSm'),
(32, 'david', 'david', 'david', 644263482, 'david@gmail.com', '$2y$10$wTTS4RT5PhMHmRnv.MBAJ.uVa7z7ggG6c2buk6oFseO851PqYD58S');

--
-- Índices para tablas volcadas
--

--
-- Indices de la tabla `calendarios_disponibilidad`
--
ALTER TABLE `calendarios_disponibilidad`
  ADD PRIMARY KEY (`id_horario`);

--
-- Indices de la tabla `facturas`
--
ALTER TABLE `facturas`
  ADD PRIMARY KEY (`id factura`);

--
-- Indices de la tabla `guarderias`
--
ALTER TABLE `guarderias`
  ADD PRIMARY KEY (`id_guarderia`);

--
-- Indices de la tabla `imagenes_guarderia`
--
ALTER TABLE `imagenes_guarderia`
  ADD PRIMARY KEY (`id`);

--
-- Indices de la tabla `perros`
--
ALTER TABLE `perros`
  ADD PRIMARY KEY (`id_perro`);

--
-- Indices de la tabla `reservas`
--
ALTER TABLE `reservas`
  ADD PRIMARY KEY (`id_reserva`);

--
-- Indices de la tabla `usuarios`
--
ALTER TABLE `usuarios`
  ADD PRIMARY KEY (`id`);

--
-- AUTO_INCREMENT de las tablas volcadas
--

--
-- AUTO_INCREMENT de la tabla `calendarios_disponibilidad`
--
ALTER TABLE `calendarios_disponibilidad`
  MODIFY `id_horario` int(254) NOT NULL AUTO_INCREMENT, AUTO_INCREMENT=9922;

--
-- AUTO_INCREMENT de la tabla `facturas`
--
ALTER TABLE `facturas`
  MODIFY `id factura` int(254) NOT NULL AUTO_INCREMENT, AUTO_INCREMENT=23;

--
-- AUTO_INCREMENT de la tabla `guarderias`
--
ALTER TABLE `guarderias`
  MODIFY `id_guarderia` int(254) NOT NULL AUTO_INCREMENT, AUTO_INCREMENT=89;

--
-- AUTO_INCREMENT de la tabla `imagenes_guarderia`
--
ALTER TABLE `imagenes_guarderia`
  MODIFY `id` int(11) NOT NULL AUTO_INCREMENT, AUTO_INCREMENT=271;

--
-- AUTO_INCREMENT de la tabla `perros`
--
ALTER TABLE `perros`
  MODIFY `id_perro` int(254) NOT NULL AUTO_INCREMENT, AUTO_INCREMENT=43;

--
-- AUTO_INCREMENT de la tabla `reservas`
--
ALTER TABLE `reservas`
  MODIFY `id_reserva` int(254) NOT NULL AUTO_INCREMENT, AUTO_INCREMENT=80;

--
-- AUTO_INCREMENT de la tabla `usuarios`
--
ALTER TABLE `usuarios`
  MODIFY `id` int(11) NOT NULL AUTO_INCREMENT, AUTO_INCREMENT=33;
COMMIT;

/*!40101 SET CHARACTER_SET_CLIENT=@OLD_CHARACTER_SET_CLIENT */;
/*!40101 SET CHARACTER_SET_RESULTS=@OLD_CHARACTER_SET_RESULTS */;
/*!40101 SET COLLATION_CONNECTION=@OLD_COLLATION_CONNECTION */;
